Student_ID,Subject,Study_Hours,Sleep_Hours,Attendance_Pct,Assignments_Completed,Daily_Consistency,Study_Days_Remaining,Previous_Marks,Final_Marks
1,Python Programming,1.7,6.8,85.0,82.1,4,23,65.3,62.8
1,DBMS,3.3,6.8,85.0,82.1,4,23,47.9,52.3
1,Data Analytics,6.1,6.8,85.0,82.1,4,23,91.6,79.2
1,Operating Systems,1.0,6.8,85.0,82.1,4,23,94.6,71.4
1,Algorithms,1.0,6.8,85.0,82.1,4,23,41.3,53.2
2,Python Programming,7.0,7.9,55.6,78.3,5,7,77.4,71.9
2,DBMS,4.2,7.9,55.6,78.3,5,7,40.7,55.0
2,Data Analytics,3.7,7.9,55.6,78.3,5,7,40.9,56.4
2,Operating Systems,2.6,7.9,55.6,78.3,5,7,53.3,58.9
2,Algorithms,6.8,7.9,55.6,78.3,5,7,49.5,73.3
3,Python Programming,2.3,6.4,68.1,78.1,5,8,93.3,56.4
3,DBMS,6.4,6.4,68.1,78.1,5,8,91.7,79.0
3,Data Analytics,7.5,6.4,68.1,78.1,5,8,44.9,69.2
3,Operating Systems,2.4,6.4,68.1,78.1,5,8,42.5,43.6
3,Algorithms,2.9,6.4,68.1,78.1,5,8,85.6,57.3
4,Python Programming,1.1,5.7,66.5,60.7,5,5,63.3,43.0
4,DBMS,3.8,5.7,66.5,60.7,5,5,56.1,58.5
4,Data Analytics,5.2,5.7,66.5,60.7,5,5,90.9,73.6
4,Operating Systems,5.6,5.7,66.5,60.7,5,5,90.3,70.3
4,Algorithms,1.7,5.7,66.5,60.7,5,5,60.4,54.8
5,Python Programming,3.7,8.9,92.1,87.5,5,5,93.4,79.4
5,DBMS,6.9,8.9,92.1,87.5,5,5,79.7,78.8
5,Data Analytics,1.3,8.9,92.1,87.5,5,5,79.1,61.5
5,Operating Systems,1.8,8.9,92.1,87.5,5,5,64.2,62.7
5,Algorithms,4.3,8.9,92.1,87.5,5,5,71.0,71.3
6,Python Programming,1.5,7.6,72.2,53.7,6,17,55.9,51.7
6,DBMS,2.1,7.6,72.2,53.7,6,17,91.1,67.4
6,Data Analytics,7.1,7.6,72.2,53.7,6,17,84.2,83.3
6,Operating Systems,2.3,7.6,72.2,53.7,6,17,89.1,71.7
6,Algorithms,7.3,7.6,72.2,53.7,6,17,57.5,69.6
7,Python Programming,3.9,6.4,77.4,61.9,7,31,52.2,55.6
7,DBMS,1.8,6.4,77.4,61.9,7,31,58.6,53.3
7,Data Analytics,4.6,6.4,77.4,61.9,7,31,78.7,71.6
7,Operating Systems,3.5,6.4,77.4,61.9,7,31,93.4,61.8
7,Algorithms,3.0,6.4,77.4,61.9,7,31,42.0,51.8
8,Python Programming,2.7,10.0,80.6,73.8,7,5,48.0,59.3
8,DBMS,4.4,10.0,80.6,73.8,7,5,94.2,85.6
8,Data Analytics,6.3,10.0,80.6,73.8,7,5,53.1,67.4
8,Operating Systems,6.1,10.0,80.6,73.8,7,5,60.2,82.0
8,Algorithms,4.8,10.0,80.6,73.8,7,5,45.0,72.7
9,Python Programming,1.1,8.4,75.1,86.8,7,40,68.2,63.9
9,DBMS,2.6,8.4,75.1,86.8,7,40,75.5,71.5
9,Data Analytics,3.7,8.4,75.1,86.8,7,40,91.5,73.2
9,Operating Systems,2.0,8.4,75.1,86.8,7,40,58.8,59.4
9,Algorithms,5.6,8.4,75.1,86.8,7,40,84.9,83.9
10,Python Programming,3.0,10.0,93.6,90.0,3,13,78.5,70.6
10,DBMS,6.9,10.0,93.6,90.0,3,13,87.1,89.2
10,Data Analytics,7.0,10.0,93.6,90.0,3,13,91.5,85.3
10,Operating Systems,6.5,10.0,93.6,90.0,3,13,76.8,70.5
10,Algorithms,7.6,10.0,93.6,90.0,3,13,93.6,94.8
11,Python Programming,6.0,5.4,70.1,90.7,3,40,53.0,67.3
11,DBMS,3.3,5.4,70.1,90.7,3,40,81.1,67.3
11,Data Analytics,5.6,5.4,70.1,90.7,3,40,71.3,68.0
11,Operating Systems,1.7,5.4,70.1,90.7,3,40,60.2,45.9
11,Algorithms,7.8,5.4,70.1,90.7,3,40,61.6,65.0
12,Python Programming,2.4,8.2,82.8,94.5,3,37,79.7,58.7
12,DBMS,3.0,8.2,82.8,94.5,3,37,41.3,48.4
12,Data Analytics,7.6,8.2,82.8,94.5,3,37,92.5,87.9
12,Operating Systems,7.4,8.2,82.8,94.5,3,37,60.4,76.0
12,Algorithms,7.7,8.2,82.8,94.5,3,37,86.9,83.5
13,Python Programming,3.8,4.7,71.5,61.1,2,29,86.4,56.5
13,DBMS,7.5,4.7,71.5,61.1,2,29,43.9,58.5
13,Data Analytics,3.5,4.7,71.5,61.1,2,29,54.0,41.4
13,Operating Systems,3.1,4.7,71.5,61.1,2,29,57.7,49.2
13,Algorithms,3.1,4.7,71.5,61.1,2,29,63.1,57.7
14,Python Programming,5.5,4.8,86.6,82.7,5,24,78.6,90.1
14,DBMS,6.6,4.8,86.6,82.7,5,24,89.0,72.0
14,Data Analytics,1.7,4.8,86.6,82.7,5,24,71.8,49.6
14,Operating Systems,1.3,4.8,86.6,82.7,5,24,65.6,44.8
14,Algorithms,5.1,4.8,86.6,82.7,5,24,41.7,58.5
15,Python Programming,4.2,6.5,71.1,66.9,2,9,86.3,62.6
15,DBMS,2.4,6.5,71.1,66.9,2,9,62.6,41.2
15,Data Analytics,1.9,6.5,71.1,66.9,2,9,93.3,56.4
15,Operating Systems,6.0,6.5,71.1,66.9,2,9,42.3,42.2
15,Algorithms,6.2,6.5,71.1,66.9,2,9,53.8,43.4
16,Python Programming,2.7,6.0,97.8,70.0,2,38,45.2,45.6
16,DBMS,2.3,6.0,97.8,70.0,2,38,91.4,63.5
16,Data Analytics,5.6,6.0,97.8,70.0,2,38,64.0,73.7
16,Operating Systems,6.1,6.0,97.8,70.0,2,38,42.6,50.5
16,Algorithms,1.8,6.0,97.8,70.0,2,38,58.8,50.4
17,Python Programming,1.3,7.9,87.0,71.2,5,27,92.2,59.7
17,DBMS,7.2,7.9,87.0,71.2,5,27,54.3,86.3
17,Data Analytics,5.8,7.9,87.0,71.2,5,27,73.9,73.4
17,Operating Systems,7.6,7.9,87.0,71.2,5,27,91.9,86.4
17,Algorithms,6.6,7.9,87.0,71.2,5,27,77.2,81.2
18,Python Programming,6.7,7.3,69.7,85.3,6,7,75.8,77.7
18,DBMS,2.4,7.3,69.7,85.3,6,7,55.1,54.5
18,Data Analytics,1.3,7.3,69.7,85.3,6,7,74.0,54.2
18,Operating Systems,3.4,7.3,69.7,85.3,6,7,76.1,75.3
18,Algorithms,3.4,7.3,69.7,85.3,6,7,54.3,55.0
19,Python Programming,3.9,6.9,99.5,88.5,3,40,93.2,75.0
19,DBMS,4.8,6.9,99.5,88.5,3,40,63.3,75.0
19,Data Analytics,6.1,6.9,99.5,88.5,3,40,47.0,72.3
19,Operating Systems,2.8,6.9,99.5,88.5,3,40,71.9,63.6
19,Algorithms,2.7,6.9,99.5,88.5,3,40,77.4,69.7
20,Python Programming,3.2,8.2,71.4,75.2,7,29,89.3,77.7
20,DBMS,3.7,8.2,71.4,75.2,7,29,40.6,59.1
20,Data Analytics,7.7,8.2,71.4,75.2,7,29,71.5,79.7
20,Operating Systems,5.4,8.2,71.4,75.2,7,29,64.7,66.0
20,Algorithms,5.7,8.2,71.4,75.2,7,29,81.4,71.7
21,Python Programming,1.8,7.9,86.2,79.9,6,15,47.9,63.1
21,DBMS,6.3,7.9,86.2,79.9,6,15,74.0,75.2
21,Data Analytics,6.8,7.9,86.2,79.9,6,15,78.8,81.5
21,Operating Systems,1.6,7.9,86.2,79.9,6,15,44.7,58.7
21,Algorithms,7.6,7.9,86.2,79.9,6,15,94.2,85.9
22,Python Programming,2.7,9.0,73.4,79.7,4,31,58.2,65.7
22,DBMS,4.0,9.0,73.4,79.7,4,31,54.0,68.0
22,Data Analytics,6.2,9.0,73.4,79.7,4,31,82.2,67.6
22,Operating Systems,6.8,9.0,73.4,79.7,4,31,80.9,73.0
22,Algorithms,3.8,9.0,73.4,79.7,4,31,66.3,68.3
23,Python Programming,7.4,5.7,80.6,76.0,6,15,53.9,74.0
23,DBMS,5.9,5.7,80.6,76.0,6,15,44.1,58.8
23,Data Analytics,3.1,5.7,80.6,76.0,6,15,94.8,67.8
23,Operating Systems,5.9,5.7,80.6,76.0,6,15,61.1,69.0
23,Algorithms,7.7,5.7,80.6,76.0,6,15,43.2,67.3
24,Python Programming,3.7,6.6,71.2,62.4,6,30,52.6,53.0
24,DBMS,2.9,6.6,71.2,62.4,6,30,59.8,54.5
24,Data Analytics,1.2,6.6,71.2,62.4,6,30,55.4,41.1
24,Operating Systems,3.9,6.6,71.2,62.4,6,30,73.2,60.5
24,Algorithms,1.5,6.6,71.2,62.4,6,30,91.7,61.0
25,Python Programming,1.2,4.4,96.8,85.5,2,9,60.7,42.3
25,DBMS,6.7,4.4,96.8,85.5,2,9,94.3,72.7
25,Data Analytics,3.7,4.4,96.8,85.5,2,9,93.3,56.4
25,Operating Systems,6.9,4.4,96.8,85.5,2,9,86.1,56.7
25,Algorithms,2.9,4.4,96.8,85.5,2,9,43.1,37.4
26,Python Programming,6.1,7.5,82.6,75.1,6,41,81.6,77.8
26,DBMS,3.6,7.5,82.6,75.1,6,41,53.3,56.9
26,Data Analytics,2.9,7.5,82.6,75.1,6,41,51.4,53.5
26,Operating Systems,7.1,7.5,82.6,75.1,6,41,81.6,80.6
26,Algorithms,4.3,7.5,82.6,75.1,6,41,85.7,71.5
27,Python Programming,1.9,6.1,89.4,90.4,5,21,41.6,51.3
27,DBMS,6.3,6.1,89.4,90.4,5,21,74.1,70.2
27,Data Analytics,2.0,6.1,89.4,90.4,5,21,40.8,53.9
27,Operating Systems,3.5,6.1,89.4,90.4,5,21,72.4,60.1
27,Algorithms,7.3,6.1,89.4,90.4,5,21,59.2,62.6
28,Python Programming,7.6,7.1,95.0,78.3,5,21,48.1,60.6
28,DBMS,7.5,7.1,95.0,78.3,5,21,67.1,75.0
28,Data Analytics,7.9,7.1,95.0,78.3,5,21,67.1,69.3
28,Operating Systems,3.3,7.1,95.0,78.3,5,21,74.8,65.9
28,Algorithms,1.9,7.1,95.0,78.3,5,21,47.0,52.2
29,Python Programming,7.8,7.7,69.0,74.1,2,33,73.1,77.4
29,DBMS,2.6,7.7,69.0,74.1,2,33,85.2,54.8
29,Data Analytics,1.2,7.7,69.0,74.1,2,33,70.2,45.3
29,Operating Systems,4.7,7.7,69.0,74.1,2,33,59.6,52.5
29,Algorithms,1.6,7.7,69.0,74.1,2,33,66.5,45.9
30,Python Programming,2.3,10.0,81.2,87.8,4,39,51.5,55.1
30,DBMS,3.6,10.0,81.2,87.8,4,39,66.6,59.8
30,Data Analytics,4.2,10.0,81.2,87.8,4,39,81.1,81.0
30,Operating Systems,1.3,10.0,81.2,87.8,4,39,53.9,58.9
30,Algorithms,4.6,10.0,81.2,87.8,4,39,69.3,72.8
31,Python Programming,2.3,5.6,78.7,61.9,4,41,71.0,53.1
31,DBMS,6.9,5.6,78.7,61.9,4,41,44.9,51.1
31,Data Analytics,3.4,5.6,78.7,61.9,4,41,66.1,56.9
31,Operating Systems,3.5,5.6,78.7,61.9,4,41,75.7,72.4
31,Algorithms,6.2,5.6,78.7,61.9,4,41,70.7,62.7
32,Python Programming,5.3,10.0,94.8,61.9,3,30,53.4,56.9
32,DBMS,4.5,10.0,94.8,61.9,3,30,58.2,60.0
32,Data Analytics,4.4,10.0,94.8,61.9,3,30,86.8,66.5
32,Operating Systems,1.6,10.0,94.8,61.9,3,30,84.3,64.4
32,Algorithms,7.4,10.0,94.8,61.9,3,30,40.3,70.1
33,Python Programming,4.7,7.7,79.9,82.9,7,19,66.2,71.8
33,DBMS,6.9,7.7,79.9,82.9,7,19,51.3,75.3
33,Data Analytics,4.7,7.7,79.9,82.9,7,19,78.9,71.1
33,Operating Systems,6.4,7.7,79.9,82.9,7,19,44.8,72.1
33,Algorithms,3.2,7.7,79.9,82.9,7,19,72.7,68.5
34,Python Programming,2.0,4.0,72.5,90.1,6,5,40.1,43.9
34,DBMS,1.8,4.0,72.5,90.1,6,5,66.0,61.7
34,Data Analytics,1.7,4.0,72.5,90.1,6,5,86.8,64.6
34,Operating Systems,6.2,4.0,72.5,90.1,6,5,62.5,64.7
34,Algorithms,7.5,4.0,72.5,90.1,6,5,79.7,71.0
35,Python Programming,2.6,8.0,85.3,70.2,5,9,74.9,62.1
35,DBMS,7.4,8.0,85.3,70.2,5,9,57.4,80.5
35,Data Analytics,4.2,8.0,85.3,70.2,5,9,79.3,74.1
35,Operating Systems,7.3,8.0,85.3,70.2,5,9,74.3,65.9
35,Algorithms,5.0,8.0,85.3,70.2,5,9,59.5,73.0
36,Python Programming,7.6,4.0,86.9,78.5,6,10,74.5,79.2
36,DBMS,3.3,4.0,86.9,78.5,6,10,47.7,55.6
36,Data Analytics,4.7,4.0,86.9,78.5,6,10,89.2,78.0
36,Operating Systems,6.5,4.0,86.9,78.5,6,10,48.3,57.4
36,Algorithms,6.2,4.0,86.9,78.5,6,10,41.8,55.6
37,Python Programming,1.8,7.6,95.1,68.9,4,17,86.6,65.3
37,DBMS,1.9,7.6,95.1,68.9,4,17,61.9,53.4
37,Data Analytics,2.6,7.6,95.1,68.9,4,17,79.7,65.8
37,Operating Systems,6.0,7.6,95.1,68.9,4,17,75.3,74.7
37,Algorithms,2.8,7.6,95.1,68.9,4,17,59.0,66.7
38,Python Programming,2.8,9.2,62.2,77.7,3,29,79.9,76.8
38,DBMS,5.2,9.2,62.2,77.7,3,29,45.6,55.8
38,Data Analytics,1.5,9.2,62.2,77.7,3,29,44.3,53.8
38,Operating Systems,1.7,9.2,62.2,77.7,3,29,86.2,59.4
38,Algorithms,2.3,9.2,62.2,77.7,3,29,86.1,61.8
39,Python Programming,6.2,5.4,67.7,49.6,4,13,51.3,63.4
39,DBMS,6.5,5.4,67.7,49.6,4,13,73.2,63.3
39,Data Analytics,7.0,5.4,67.7,49.6,4,13,90.8,67.3
39,Operating Systems,4.3,5.4,67.7,49.6,4,13,66.4,56.2
39,Algorithms,1.2,5.4,67.7,49.6,4,13,90.2,58.3
40,Python Programming,5.1,4.7,84.7,87.1,5,33,74.8,67.8
40,DBMS,1.1,4.7,84.7,87.1,5,33,76.5,55.8
40,Data Analytics,1.6,4.7,84.7,87.1,5,33,94.8,59.5
40,Operating Systems,4.5,4.7,84.7,87.1,5,33,72.7,66.1
40,Algorithms,2.5,4.7,84.7,87.1,5,33,89.4,65.8
41,Python Programming,1.5,6.2,74.3,91.3,6,23,82.7,61.9
41,DBMS,4.2,6.2,74.3,91.3,6,23,68.8,56.7
41,Data Analytics,4.9,6.2,74.3,91.3,6,23,48.5,55.9
41,Operating Systems,2.3,6.2,74.3,91.3,6,23,87.4,67.1
41,Algorithms,2.9,6.2,74.3,91.3,6,23,75.4,68.1
42,Python Programming,2.6,6.9,76.4,93.3,5,7,77.0,54.4
42,DBMS,1.1,6.9,76.4,93.3,5,7,45.7,47.2
42,Data Analytics,5.6,6.9,76.4,93.3,5,7,53.1,68.3
42,Operating Systems,1.7,6.9,76.4,93.3,5,7,53.4,57.8
42,Algorithms,6.8,6.9,76.4,93.3,5,7,61.8,74.7
43,Python Programming,7.2,7.9,69.2,79.9,3,22,85.0,71.4
43,DBMS,3.4,7.9,69.2,79.9,3,22,54.3,62.1
43,Data Analytics,2.9,7.9,69.2,79.9,3,22,74.3,52.2
43,Operating Systems,3.9,7.9,69.2,79.9,3,22,70.4,53.9
43,Algorithms,7.6,7.9,69.2,79.9,3,22,82.0,75.1
44,Python Programming,4.8,7.0,89.7,100.0,2,13,74.8,55.1
44,DBMS,2.8,7.0,89.7,100.0,2,13,47.7,47.1
44,Data Analytics,2.9,7.0,89.7,100.0,2,13,41.0,52.0
44,Operating Systems,7.4,7.0,89.7,100.0,2,13,46.5,58.7
44,Algorithms,4.9,7.0,89.7,100.0,2,13,75.8,72.4
45,Python Programming,7.1,7.8,75.3,68.6,3,35,72.9,68.6
45,DBMS,5.2,7.8,75.3,68.6,3,35,76.6,58.2
45,Data Analytics,4.6,7.8,75.3,68.6,3,35,42.6,47.3
45,Operating Systems,2.2,7.8,75.3,68.6,3,35,80.6,60.8
45,Algorithms,2.7,7.8,75.3,68.6,3,35,61.4,50.8
46,Python Programming,3.8,5.0,70.8,86.2,2,38,92.5,72.7
46,DBMS,1.9,5.0,70.8,86.2,2,38,66.6,52.0
46,Data Analytics,2.1,5.0,70.8,86.2,2,38,86.3,49.4
46,Operating Systems,6.9,5.0,70.8,86.2,2,38,92.5,76.4
46,Algorithms,4.3,5.0,70.8,86.2,2,38,58.9,49.7
47,Python Programming,1.5,4.3,69.5,65.6,6,43,44.3,52.4
47,DBMS,1.0,4.3,69.5,65.6,6,43,93.2,63.8
47,Data Analytics,7.7,4.3,69.5,65.6,6,43,83.5,72.6
47,Operating Systems,5.8,4.3,69.5,65.6,6,43,68.7,68.2
47,Algorithms,6.3,4.3,69.5,65.6,6,43,79.8,76.5
48,Python Programming,1.4,7.0,80.4,52.1,3,30,76.8,52.7
48,DBMS,1.3,7.0,80.4,52.1,3,30,72.4,41.4
48,Data Analytics,1.8,7.0,80.4,52.1,3,30,80.2,54.0
48,Operating Systems,2.3,7.0,80.4,52.1,3,30,46.3,51.8
48,Algorithms,6.2,7.0,80.4,52.1,3,30,43.0,53.7
49,Python Programming,7.2,4.0,93.6,55.9,2,38,69.2,70.6
49,DBMS,4.1,4.0,93.6,55.9,2,38,62.2,58.5
49,Data Analytics,4.8,4.0,93.6,55.9,2,38,76.4,60.5
49,Operating Systems,6.2,4.0,93.6,55.9,2,38,68.6,65.4
49,Algorithms,3.9,4.0,93.6,55.9,2,38,65.4,51.3
50,Python Programming,7.1,5.2,75.6,74.6,4,20,94.1,75.0
50,DBMS,6.4,5.2,75.6,74.6,4,20,63.0,72.7
50,Data Analytics,2.7,5.2,75.6,74.6,4,20,46.1,45.2
50,Operating Systems,3.5,5.2,75.6,74.6,4,20,55.8,48.6
50,Algorithms,1.3,5.2,75.6,74.6,4,20,41.0,38.0
51,Python Programming,6.5,7.4,79.7,60.7,2,41,44.9,55.9
51,DBMS,3.9,7.4,79.7,60.7,2,41,88.4,64.5
51,Data Analytics,5.3,7.4,79.7,60.7,2,41,49.2,58.6
51,Operating Systems,7.9,7.4,79.7,60.7,2,41,52.7,65.1
51,Algorithms,5.3,7.4,79.7,60.7,2,41,68.2,64.3
52,Python Programming,7.2,6.2,73.6,82.0,3,27,91.0,80.5
52,DBMS,8.0,6.2,73.6,82.0,3,27,49.6,72.9
52,Data Analytics,5.9,6.2,73.6,82.0,3,27,48.5,56.3
52,Operating Systems,6.7,6.2,73.6,82.0,3,27,52.3,63.9
52,Algorithms,5.2,6.2,73.6,82.0,3,27,71.9,57.7
53,Python Programming,4.9,6.4,73.9,74.0,2,29,44.8,51.6
53,DBMS,3.9,6.4,73.9,74.0,2,29,60.5,59.4
53,Data Analytics,4.5,6.4,73.9,74.0,2,29,44.5,46.4
53,Operating Systems,2.5,6.4,73.9,74.0,2,29,77.6,39.4
53,Algorithms,5.1,6.4,73.9,74.0,2,29,85.4,62.9
54,Python Programming,6.6,5.3,93.2,81.1,4,28,76.2,76.1
54,DBMS,7.0,5.3,93.2,81.1,4,28,87.7,82.2
54,Data Analytics,5.9,5.3,93.2,81.1,4,28,77.4,73.8
54,Operating Systems,5.3,5.3,93.2,81.1,4,28,81.4,70.0
54,Algorithms,3.3,5.3,93.2,81.1,4,28,80.9,65.4
55,Python Programming,3.0,6.4,83.7,62.8,7,6,73.9,68.1
55,DBMS,7.9,6.4,83.7,62.8,7,6,74.7,82.5
55,Data Analytics,4.8,6.4,83.7,62.8,7,6,82.9,65.6
55,Operating Systems,1.7,6.4,83.7,62.8,7,6,81.9,65.4
55,Algorithms,3.4,6.4,83.7,62.8,7,6,74.8,65.5
56,Python Programming,1.4,7.6,81.8,86.3,3,5,44.1,47.6
56,DBMS,7.0,7.6,81.8,86.3,3,5,94.5,74.2
56,Data Analytics,5.5,7.6,81.8,86.3,3,5,72.7,74.5
56,Operating Systems,3.7,7.6,81.8,86.3,3,5,43.6,47.2
56,Algorithms,6.7,7.6,81.8,86.3,3,5,53.9,67.6
57,Python Programming,5.9,6.9,86.8,56.6,4,33,52.1,59.6
57,DBMS,1.6,6.9,86.8,56.6,4,33,77.4,50.0
57,Data Analytics,7.7,6.9,86.8,56.6,4,33,48.3,68.9
57,Operating Systems,4.0,6.9,86.8,56.6,4,33,91.9,78.0
57,Algorithms,3.8,6.9,86.8,56.6,4,33,55.1,49.9
58,Python Programming,1.2,7.4,79.5,89.1,5,39,75.8,65.3
58,DBMS,3.6,7.4,79.5,89.1,5,39,87.5,74.8
58,Data Analytics,2.3,7.4,79.5,89.1,5,39,87.8,68.4
58,Operating Systems,6.4,7.4,79.5,89.1,5,39,82.4,81.2
58,Algorithms,5.4,7.4,79.5,89.1,5,39,47.2,66.6
59,Python Programming,2.4,7.7,92.5,53.6,2,13,67.0,56.6
59,DBMS,1.4,7.7,92.5,53.6,2,13,72.0,56.5
59,Data Analytics,3.2,7.7,92.5,53.6,2,13,65.0,52.0
59,Operating Systems,1.1,7.7,92.5,53.6,2,13,44.0,39.3
59,Algorithms,5.2,7.7,92.5,53.6,2,13,56.0,46.0
60,Python Programming,2.0,7.6,87.9,78.9,7,28,45.7,57.9
60,DBMS,5.0,7.6,87.9,78.9,7,28,41.0,55.6
60,Data Analytics,3.4,7.6,87.9,78.9,7,28,82.7,72.3
60,Operating Systems,7.6,7.6,87.9,78.9,7,28,44.0,76.9
60,Algorithms,1.6,7.6,87.9,78.9,7,28,85.3,68.7
61,Python Programming,2.4,5.3,66.1,100.0,7,19,49.2,58.7
61,DBMS,1.7,5.3,66.1,100.0,7,19,75.0,71.5
61,Data Analytics,7.1,5.3,66.1,100.0,7,19,79.3,82.0
61,Operating Systems,6.6,5.3,66.1,100.0,7,19,58.7,72.0
61,Algorithms,6.7,5.3,66.1,100.0,7,19,64.9,78.7
62,Python Programming,2.7,10.0,84.0,100.0,3,16,48.8,56.8
62,DBMS,7.1,10.0,84.0,100.0,3,16,52.1,76.1
62,Data Analytics,5.6,10.0,84.0,100.0,3,16,67.4,71.4
62,Operating Systems,4.9,10.0,84.0,100.0,3,16,79.6,76.7
62,Algorithms,2.4,10.0,84.0,100.0,3,16,77.4,68.8
63,Python Programming,4.0,4.5,77.4,73.6,7,28,59.0,62.2
63,DBMS,3.6,4.5,77.4,73.6,7,28,94.3,63.0
63,Data Analytics,6.1,4.5,77.4,73.6,7,28,66.8,78.7
63,Operating Systems,7.1,4.5,77.4,73.6,7,28,89.5,71.5
63,Algorithms,5.1,4.5,77.4,73.6,7,28,90.2,71.0
64,Python Programming,3.8,5.1,85.3,65.6,6,12,73.1,65.0
64,DBMS,5.4,5.1,85.3,65.6,6,12,60.5,50.4
64,Data Analytics,1.5,5.1,85.3,65.6,6,12,64.0,54.8
64,Operating Systems,1.7,5.1,85.3,65.6,6,12,62.3,60.7
64,Algorithms,5.6,5.1,85.3,65.6,6,12,45.2,67.7
65,Python Programming,6.4,8.6,66.7,87.1,5,5,47.2,60.6
65,DBMS,7.8,8.6,66.7,87.1,5,5,65.0,77.7
65,Data Analytics,3.4,8.6,66.7,87.1,5,5,85.6,64.9
65,Operating Systems,4.0,8.6,66.7,87.1,5,5,53.7,69.5
65,Algorithms,2.2,8.6,66.7,87.1,5,5,49.2,59.2
66,Python Programming,4.9,10.0,76.8,68.0,2,19,69.7,74.9
66,DBMS,1.2,10.0,76.8,68.0,2,19,94.3,61.9
66,Data Analytics,1.4,10.0,76.8,68.0,2,19,75.2,55.1
66,Operating Systems,2.6,10.0,76.8,68.0,2,19,49.9,60.7
66,Algorithms,3.8,10.0,76.8,68.0,2,19,66.4,65.4
67,Python Programming,1.9,7.8,64.6,100.0,4,24,47.3,51.6
67,DBMS,2.0,7.8,64.6,100.0,4,24,91.7,64.5
67,Data Analytics,2.3,7.8,64.6,100.0,4,24,80.2,67.6
67,Operating Systems,2.1,7.8,64.6,100.0,4,24,52.9,54.4
67,Algorithms,2.7,7.8,64.6,100.0,4,24,85.7,68.0
68,Python Programming,5.2,7.8,83.7,78.0,4,37,91.7,78.6
68,DBMS,6.8,7.8,83.7,78.0,4,37,76.7,66.7
68,Data Analytics,2.1,7.8,83.7,78.0,4,37,73.3,65.4
68,Operating Systems,3.2,7.8,83.7,78.0,4,37,87.7,67.7
68,Algorithms,1.8,7.8,83.7,78.0,4,37,75.8,58.1
69,Python Programming,3.6,6.8,89.0,70.5,6,15,56.3,67.1
69,DBMS,5.5,6.8,89.0,70.5,6,15,58.1,73.2
69,Data Analytics,4.9,6.8,89.0,70.5,6,15,60.9,73.6
69,Operating Systems,4.8,6.8,89.0,70.5,6,15,72.8,58.8
69,Algorithms,1.1,6.8,89.0,70.5,6,15,72.3,67.1
70,Python Programming,7.7,5.4,84.5,41.3,3,30,86.6,68.3
70,DBMS,7.4,5.4,84.5,41.3,3,30,84.8,62.0
70,Data Analytics,4.3,5.4,84.5,41.3,3,30,61.7,53.6
70,Operating Systems,4.8,5.4,84.5,41.3,3,30,81.1,62.0
70,Algorithms,6.8,5.4,84.5,41.3,3,30,63.7,70.1
71,Python Programming,2.8,7.6,81.3,63.7,4,8,55.7,52.5
71,DBMS,3.2,7.6,81.3,63.7,4,8,84.2,55.5
71,Data Analytics,5.3,7.6,81.3,63.7,4,8,79.4,71.7
71,Operating Systems,2.9,7.6,81.3,63.7,4,8,62.7,56.0
71,Algorithms,5.8,7.6,81.3,63.7,4,8,50.0,60.1
72,Python Programming,4.0,7.3,98.5,51.1,2,40,44.8,52.4
72,DBMS,6.7,7.3,98.5,51.1,2,40,60.5,58.8
72,Data Analytics,1.0,7.3,98.5,51.1,2,40,75.1,52.1
72,Operating Systems,4.6,7.3,98.5,51.1,2,40,72.6,64.6
72,Algorithms,2.2,7.3,98.5,51.1,2,40,59.8,55.8
73,Python Programming,6.8,7.4,81.8,86.2,2,28,63.3,65.3
73,DBMS,5.7,7.4,81.8,86.2,2,28,45.3,55.0
73,Data Analytics,5.1,7.4,81.8,86.2,2,28,49.2,69.5
73,Operating Systems,6.2,7.4,81.8,86.2,2,28,87.5,74.5
73,Algorithms,1.2,7.4,81.8,86.2,2,28,75.3,55.5
74,Python Programming,7.9,10.0,89.6,86.0,3,29,47.5,65.9
74,DBMS,5.9,10.0,89.6,86.0,3,29,62.2,80.2
74,Data Analytics,5.8,10.0,89.6,86.0,3,29,94.5,80.1
74,Operating Systems,1.9,10.0,89.6,86.0,3,29,45.7,56.9
74,Algorithms,2.9,10.0,89.6,86.0,3,29,44.4,64.7
75,Python Programming,4.6,5.5,74.2,92.4,4,17,43.7,47.8
75,DBMS,6.6,5.5,74.2,92.4,4,17,52.9,70.0
75,Data Analytics,5.6,5.5,74.2,92.4,4,17,69.3,68.1
75,Operating Systems,3.3,5.5,74.2,92.4,4,17,58.3,60.3
75,Algorithms,6.1,5.5,74.2,92.4,4,17,65.6,77.5
76,Python Programming,3.9,6.0,81.0,76.7,5,20,63.2,62.8
76,DBMS,6.8,6.0,81.0,76.7,5,20,40.1,49.8
76,Data Analytics,1.8,6.0,81.0,76.7,5,20,93.6,62.7
76,Operating Systems,1.1,6.0,81.0,76.7,5,20,80.5,54.8
76,Algorithms,5.7,6.0,81.0,76.7,5,20,45.1,63.9
77,Python Programming,1.4,6.0,88.1,77.3,2,38,46.5,56.2
77,DBMS,2.6,6.0,88.1,77.3,2,38,58.8,44.1
77,Data Analytics,2.7,6.0,88.1,77.3,2,38,68.0,49.3
77,Operating Systems,6.8,6.0,88.1,77.3,2,38,55.4,65.4
77,Algorithms,5.0,6.0,88.1,77.3,2,38,71.2,60.6
78,Python Programming,5.7,4.0,80.3,76.2,2,39,69.3,60.3
78,DBMS,6.0,4.0,80.3,76.2,2,39,47.8,57.1
78,Data Analytics,3.3,4.0,80.3,76.2,2,39,41.3,41.2
78,Operating Systems,2.1,4.0,80.3,76.2,2,39,52.3,44.5
78,Algorithms,7.5,4.0,80.3,76.2,2,39,71.6,69.8
79,Python Programming,3.8,6.7,60.3,67.3,7,39,48.1,60.5
79,DBMS,3.6,6.7,60.3,67.3,7,39,43.7,54.0
79,Data Analytics,7.8,6.7,60.3,67.3,7,39,63.8,76.0
79,Operating Systems,3.2,6.7,60.3,67.3,7,39,67.8,56.3
79,Algorithms,5.5,6.7,60.3,67.3,7,39,51.9,61.6
80,Python Programming,4.2,8.8,95.3,92.2,4,38,43.2,51.2
80,DBMS,8.0,8.8,95.3,92.2,4,38,43.2,69.9
80,Data Analytics,1.8,8.8,95.3,92.2,4,38,56.7,56.8
80,Operating Systems,1.7,8.8,95.3,92.2,4,38,78.1,66.1
80,Algorithms,8.0,8.8,95.3,92.2,4,38,84.8,83.6
81,Python Programming,7.2,8.4,64.7,89.3,5,41,64.7,77.3
81,DBMS,2.4,8.4,64.7,89.3,5,41,60.2,65.2
81,Data Analytics,6.1,8.4,64.7,89.3,5,41,82.3,76.4
81,Operating Systems,1.1,8.4,64.7,89.3,5,41,62.9,54.3
81,Algorithms,2.8,8.4,64.7,89.3,5,41,81.8,67.9
82,Python Programming,2.4,5.3,81.1,89.0,2,25,43.6,43.4
82,DBMS,1.3,5.3,81.1,89.0,2,25,60.4,52.6
82,Data Analytics,4.5,5.3,81.1,89.0,2,25,54.6,49.5
82,Operating Systems,2.0,5.3,81.1,89.0,2,25,47.0,43.9
82,Algorithms,5.6,5.3,81.1,89.0,2,25,84.6,72.6
83,Python Programming,5.6,7.5,90.1,79.3,3,21,91.9,77.6
83,DBMS,6.7,7.5,90.1,79.3,3,21,44.2,64.8
83,Data Analytics,2.8,7.5,90.1,79.3,3,21,83.0,64.2
83,Operating Systems,6.8,7.5,90.1,79.3,3,21,67.2,66.8
83,Algorithms,2.6,7.5,90.1,79.3,3,21,88.9,55.7
84,Python Programming,1.3,6.8,90.1,76.3,6,41,42.1,57.9
84,DBMS,6.2,6.8,90.1,76.3,6,41,76.2,75.3
84,Data Analytics,1.2,6.8,90.1,76.3,6,41,68.0,58.5
84,Operating Systems,3.7,6.8,90.1,76.3,6,41,65.4,59.3
84,Algorithms,4.8,6.8,90.1,76.3,6,41,85.7,66.2
85,Python Programming,5.4,5.9,78.7,77.6,5,44,61.0,65.7
85,DBMS,2.4,5.9,78.7,77.6,5,44,46.7,57.1
85,Data Analytics,5.5,5.9,78.7,77.6,5,44,69.2,70.4
85,Operating Systems,1.3,5.9,78.7,77.6,5,44,93.3,60.2
85,Algorithms,7.9,5.9,78.7,77.6,5,44,73.1,80.8
86,Python Programming,3.6,7.8,95.3,78.4,5,13,63.8,60.0
86,DBMS,4.1,7.8,95.3,78.4,5,13,73.7,68.4
86,Data Analytics,7.2,7.8,95.3,78.4,5,13,75.5,78.1
86,Operating Systems,3.0,7.8,95.3,78.4,5,13,84.9,69.3
86,Algorithms,6.3,7.8,95.3,78.4,5,13,65.3,74.6
87,Python Programming,7.9,8.1,84.9,72.8,5,26,91.6,84.0
87,DBMS,1.3,8.1,84.9,72.8,5,26,49.1,53.1
87,Data Analytics,6.7,8.1,84.9,72.8,5,26,51.7,65.0
87,Operating Systems,4.5,8.1,84.9,72.8,5,26,86.2,75.3
87,Algorithms,5.1,8.1,84.9,72.8,5,26,68.0,77.7
88,Python Programming,6.3,4.4,85.7,77.4,6,29,48.8,58.4
88,DBMS,4.2,4.4,85.7,77.4,6,29,40.5,57.6
88,Data Analytics,7.9,4.4,85.7,77.4,6,29,45.5,61.7
88,Operating Systems,3.8,4.4,85.7,77.4,6,29,84.0,68.8
88,Algorithms,6.1,4.4,85.7,77.4,6,29,73.9,63.9
89,Python Programming,6.9,5.3,74.9,99.6,6,30,85.8,94.3
89,DBMS,1.1,5.3,74.9,99.6,6,30,81.2,66.0
89,Data Analytics,6.3,5.3,74.9,99.6,6,30,86.3,85.1
89,Operating Systems,4.3,5.3,74.9,99.6,6,30,67.6,65.5
89,Algorithms,5.5,5.3,74.9,99.6,6,30,82.9,71.2
90,Python Programming,1.2,6.5,75.4,100.0,7,25,49.2,50.8
90,DBMS,2.3,6.5,75.4,100.0,7,25,61.3,67.0
90,Data Analytics,4.6,6.5,75.4,100.0,7,25,79.8,74.2
90,Operating Systems,1.7,6.5,75.4,100.0,7,25,52.4,56.0
90,Algorithms,4.4,6.5,75.4,100.0,7,25,73.0,73.0
91,Python Programming,5.9,7.1,76.9,62.7,4,26,81.0,70.8
91,DBMS,7.9,7.1,76.9,62.7,4,26,51.5,66.9
91,Data Analytics,3.6,7.1,76.9,62.7,4,26,46.7,58.4
91,Operating Systems,6.1,7.1,76.9,62.7,4,26,53.0,58.7
91,Algorithms,6.6,7.1,76.9,62.7,4,26,82.2,72.5
92,Python Programming,5.8,8.6,70.9,100.0,2,31,94.5,74.1
92,DBMS,6.2,8.6,70.9,100.0,2,31,80.7,77.6
92,Data Analytics,2.2,8.6,70.9,100.0,2,31,78.5,63.3
92,Operating Systems,5.1,8.6,70.9,100.0,2,31,72.3,71.7
92,Algorithms,6.5,8.6,70.9,100.0,2,31,43.1,64.5
93,Python Programming,4.2,7.8,75.9,69.5,6,25,66.6,67.6
93,DBMS,1.9,7.8,75.9,69.5,6,25,44.4,50.8
93,Data Analytics,4.1,7.8,75.9,69.5,6,25,80.1,78.9
93,Operating Systems,6.4,7.8,75.9,69.5,6,25,48.7,61.0
93,Algorithms,6.3,7.8,75.9,69.5,6,25,76.1,76.7
94,Python Programming,2.7,6.7,79.0,60.7,5,18,55.0,48.1
94,DBMS,6.3,6.7,79.0,60.7,5,18,64.7,64.5
94,Data Analytics,1.4,6.7,79.0,60.7,5,18,89.9,61.1
94,Operating Systems,2.0,6.7,79.0,60.7,5,18,69.3,47.0
94,Algorithms,7.3,6.7,79.0,60.7,5,18,41.2,56.7
95,Python Programming,6.1,7.1,82.5,73.4,6,18,94.0,78.1
95,DBMS,2.8,7.1,82.5,73.4,6,18,76.0,66.4
95,Data Analytics,4.2,7.1,82.5,73.4,6,18,93.5,68.5
95,Operating Systems,5.3,7.1,82.5,73.4,6,18,59.2,62.9
95,Algorithms,7.0,7.1,82.5,73.4,6,18,70.9,71.7
96,Python Programming,6.0,7.1,69.8,90.2,3,43,69.9,57.7
96,DBMS,1.6,7.1,69.8,90.2,3,43,65.2,47.9
96,Data Analytics,7.6,7.1,69.8,90.2,3,43,86.7,79.5
96,Operating Systems,5.7,7.1,69.8,90.2,3,43,65.4,75.5
96,Algorithms,4.8,7.1,69.8,90.2,3,43,43.4,51.1
97,Python Programming,2.2,7.1,94.0,43.0,3,25,58.2,48.8
97,DBMS,6.3,7.1,94.0,43.0,3,25,68.6,66.5
97,Data Analytics,7.2,7.1,94.0,43.0,3,25,87.9,73.1
97,Operating Systems,2.7,7.1,94.0,43.0,3,25,64.8,57.2
97,Algorithms,4.8,7.1,94.0,43.0,3,25,67.4,59.6
98,Python Programming,7.8,5.9,83.0,62.8,2,9,51.2,55.8
98,DBMS,4.7,5.9,83.0,62.8,2,9,55.8,51.0
98,Data Analytics,5.4,5.9,83.0,62.8,2,9,83.9,67.9
98,Operating Systems,3.8,5.9,83.0,62.8,2,9,90.3,52.4
98,Algorithms,5.9,5.9,83.0,62.8,2,9,83.6,63.1
99,Python Programming,7.3,6.4,88.3,100.0,4,12,76.0,79.8
99,DBMS,2.1,6.4,88.3,100.0,4,12,64.2,55.5
99,Data Analytics,7.2,6.4,88.3,100.0,4,12,84.2,82.5
99,Operating Systems,4.5,6.4,88.3,100.0,4,12,93.2,77.8
99,Algorithms,5.7,6.4,88.3,100.0,4,12,74.9,73.5
100,Python Programming,6.0,6.6,68.1,65.9,4,8,89.0,74.2
100,DBMS,1.6,6.6,68.1,65.9,4,8,80.2,58.2
100,Data Analytics,6.7,6.6,68.1,65.9,4,8,69.7,66.6
100,Operating Systems,6.0,6.6,68.1,65.9,4,8,57.3,68.3
100,Algorithms,4.2,6.6,68.1,65.9,4,8,59.7,56.5
101,Python Programming,6.8,7.0,93.0,50.6,5,32,45.5,63.0
101,DBMS,2.7,7.0,93.0,50.6,5,32,47.8,47.4
101,Data Analytics,6.2,7.0,93.0,50.6,5,32,75.8,60.8
101,Operating Systems,5.3,7.0,93.0,50.6,5,32,59.4,62.0
101,Algorithms,7.9,7.0,93.0,50.6,5,32,74.9,81.9
102,Python Programming,2.6,5.8,83.7,61.2,3,24,86.0,62.2
102,DBMS,3.0,5.8,83.7,61.2,3,24,75.4,57.8
102,Data Analytics,3.1,5.8,83.7,61.2,3,24,51.7,58.9
102,Operating Systems,1.2,5.8,83.7,61.2,3,24,56.7,47.8
102,Algorithms,7.1,5.8,83.7,61.2,3,24,82.1,72.7
103,Python Programming,4.9,8.7,86.3,87.9,3,31,46.1,62.9
103,DBMS,4.1,8.7,86.3,87.9,3,31,65.3,66.2
103,Data Analytics,3.7,8.7,86.3,87.9,3,31,93.7,79.7
103,Operating Systems,1.8,8.7,86.3,87.9,3,31,63.2,56.7
103,Algorithms,7.0,8.7,86.3,87.9,3,31,56.1,73.1
104,Python Programming,7.1,7.5,82.0,90.0,2,23,46.2,74.7
104,DBMS,5.9,7.5,82.0,90.0,2,23,69.7,67.9
104,Data Analytics,1.1,7.5,82.0,90.0,2,23,65.8,51.5
104,Operating Systems,3.1,7.5,82.0,90.0,2,23,72.9,56.5
104,Algorithms,6.2,7.5,82.0,90.0,2,23,42.6,55.1
105,Python Programming,4.0,9.6,89.5,93.6,2,34,54.7,63.1
105,DBMS,6.5,9.6,89.5,93.6,2,34,71.5,69.7
105,Data Analytics,2.5,9.6,89.5,93.6,2,34,66.9,66.2
105,Operating Systems,6.2,9.6,89.5,93.6,2,34,68.9,68.4
105,Algorithms,3.4,9.6,89.5,93.6,2,34,49.1,58.2
106,Python Programming,2.6,6.6,94.3,76.1,4,32,83.3,56.7
106,DBMS,7.8,6.6,94.3,76.1,4,32,54.4,69.1
106,Data Analytics,7.9,6.6,94.3,76.1,4,32,54.8,61.9
106,Operating Systems,3.8,6.6,94.3,76.1,4,32,89.0,74.3
106,Algorithms,2.7,6.6,94.3,76.1,4,32,65.8,59.9
107,Python Programming,2.4,4.0,65.9,81.8,4,24,68.4,46.8
107,DBMS,1.0,4.0,65.9,81.8,4,24,40.4,37.4
107,Data Analytics,6.6,4.0,65.9,81.8,4,24,71.5,62.9
107,Operating Systems,4.6,4.0,65.9,81.8,4,24,56.1,54.5
107,Algorithms,1.6,4.0,65.9,81.8,4,24,73.9,55.9
108,Python Programming,3.7,5.8,76.8,74.0,2,5,80.1,52.7
108,DBMS,7.2,5.8,76.8,74.0,2,5,76.9,69.2
108,Data Analytics,3.1,5.8,76.8,74.0,2,5,79.5,47.8
108,Operating Systems,7.7,5.8,76.8,74.0,2,5,79.7,71.5
108,Algorithms,1.3,5.8,76.8,74.0,2,5,87.9,53.8
109,Python Programming,5.2,5.2,88.2,42.7,2,23,70.2,53.6
109,DBMS,7.3,5.2,88.2,42.7,2,23,62.2,66.4
109,Data Analytics,3.9,5.2,88.2,42.7,2,23,75.5,51.1
109,Operating Systems,5.5,5.2,88.2,42.7,2,23,88.8,64.9
109,Algorithms,2.0,5.2,88.2,42.7,2,23,46.4,52.0
110,Python Programming,6.7,6.5,77.0,75.9,7,44,78.2,74.1
110,DBMS,4.7,6.5,77.0,75.9,7,44,64.7,66.2
110,Data Analytics,7.4,6.5,77.0,75.9,7,44,84.4,78.3
110,Operating Systems,2.5,6.5,77.0,75.9,7,44,65.7,66.1
110,Algorithms,3.8,6.5,77.0,75.9,7,44,44.3,55.6
111,Python Programming,4.2,7.2,91.2,95.9,7,7,71.9,72.3
111,DBMS,6.3,7.2,91.2,95.9,7,7,45.4,69.2
111,Data Analytics,3.8,7.2,91.2,95.9,7,7,68.9,70.9
111,Operating Systems,4.6,7.2,91.2,95.9,7,7,49.1,64.8
111,Algorithms,6.3,7.2,91.2,95.9,7,7,92.1,87.6
112,Python Programming,6.5,4.0,82.3,53.8,3,35,72.8,68.8
112,DBMS,1.7,4.0,82.3,53.8,3,35,86.6,59.3
112,Data Analytics,5.1,4.0,82.3,53.8,3,35,70.8,58.4
112,Operating Systems,1.7,4.0,82.3,53.8,3,35,49.2,40.3
112,Algorithms,2.0,4.0,82.3,53.8,3,35,45.5,41.8
113,Python Programming,1.9,4.8,62.3,71.1,7,34,86.0,69.4
113,DBMS,3.6,4.8,62.3,71.1,7,34,60.6,44.5
113,Data Analytics,8.0,4.8,62.3,71.1,7,34,70.0,68.0
113,Operating Systems,1.6,4.8,62.3,71.1,7,34,73.4,56.0
113,Algorithms,4.7,4.8,62.3,71.1,7,34,49.3,59.0
114,Python Programming,3.4,6.3,86.6,59.0,4,25,54.9,49.0
114,DBMS,7.8,6.3,86.6,59.0,4,25,70.7,76.9
114,Data Analytics,2.0,6.3,86.6,59.0,4,25,64.4,43.3
114,Operating Systems,5.4,6.3,86.6,59.0,4,25,66.9,65.0
114,Algorithms,5.0,6.3,86.6,59.0,4,25,74.1,69.3
115,Python Programming,1.9,5.1,75.5,81.8,5,23,72.6,60.9
115,DBMS,5.2,5.1,75.5,81.8,5,23,59.4,59.6
115,Data Analytics,6.2,5.1,75.5,81.8,5,23,70.2,68.9
115,Operating Systems,1.4,5.1,75.5,81.8,5,23,77.4,54.6
115,Algorithms,7.8,5.1,75.5,81.8,5,23,92.2,81.4
116,Python Programming,3.0,7.0,70.9,78.8,5,40,51.2,60.1
116,DBMS,6.3,7.0,70.9,78.8,5,40,61.3,57.7
116,Data Analytics,5.0,7.0,70.9,78.8,5,40,87.6,89.3
116,Operating Systems,7.9,7.0,70.9,78.8,5,40,62.4,76.1
116,Algorithms,5.0,7.0,70.9,78.8,5,40,92.6,78.6
117,Python Programming,2.8,6.8,78.0,59.7,5,42,41.7,44.4
117,DBMS,7.8,6.8,78.0,59.7,5,42,52.1,71.5
117,Data Analytics,7.5,6.8,78.0,59.7,5,42,41.7,66.5
117,Operating Systems,7.1,6.8,78.0,59.7,5,42,69.0,78.0
117,Algorithms,6.7,6.8,78.0,59.7,5,42,58.3,72.5
118,Python Programming,1.0,9.6,82.1,89.3,7,11,42.4,57.9
118,DBMS,3.4,9.6,82.1,89.3,7,11,74.8,74.8
118,Data Analytics,5.9,9.6,82.1,89.3,7,11,45.7,71.9
118,Operating Systems,3.8,9.6,82.1,89.3,7,11,79.8,81.6
118,Algorithms,1.2,9.6,82.1,89.3,7,11,56.8,55.3
119,Python Programming,5.8,8.2,100.0,75.5,6,20,46.2,70.2
119,DBMS,6.9,8.2,100.0,75.5,6,20,53.3,67.1
119,Data Analytics,6.0,8.2,100.0,75.5,6,20,76.7,78.1
119,Operating Systems,2.5,8.2,100.0,75.5,6,20,87.5,63.7
119,Algorithms,2.1,8.2,100.0,75.5,6,20,54.6,55.2
120,Python Programming,5.2,6.5,80.6,52.8,2,17,59.7,57.5
120,DBMS,5.5,6.5,80.6,52.8,2,17,46.8,52.6
120,Data Analytics,4.1,6.5,80.6,52.8,2,17,72.2,62.3
120,Operating Systems,5.4,6.5,80.6,52.8,2,17,43.9,45.8
120,Algorithms,6.0,6.5,80.6,52.8,2,17,85.2,71.4
121,Python Programming,3.8,9.1,82.4,80.9,5,22,48.7,58.4
121,DBMS,7.2,9.1,82.4,80.9,5,22,85.3,79.1
121,Data Analytics,3.8,9.1,82.4,80.9,5,22,45.7,64.5
121,Operating Systems,2.3,9.1,82.4,80.9,5,22,83.1,71.9
121,Algorithms,7.3,9.1,82.4,80.9,5,22,72.1,87.6
122,Python Programming,6.8,6.4,59.3,62.1,5,15,47.1,65.8
122,DBMS,5.0,6.4,59.3,62.1,5,15,87.7,73.3
122,Data Analytics,7.6,6.4,59.3,62.1,5,15,63.2,69.0
122,Operating Systems,3.6,6.4,59.3,62.1,5,15,91.5,62.4
122,Algorithms,1.3,6.4,59.3,62.1,5,15,71.1,53.8
123,Python Programming,2.9,7.6,71.6,89.5,6,37,47.1,63.4
123,DBMS,5.7,7.6,71.6,89.5,6,37,91.9,80.3
123,Data Analytics,5.4,7.6,71.6,89.5,6,37,95.0,72.7
123,Operating Systems,1.7,7.6,71.6,89.5,6,37,67.4,65.6
123,Algorithms,4.3,7.6,71.6,89.5,6,37,46.1,59.5
124,Python Programming,6.0,7.9,92.7,93.5,2,35,60.4,66.8
124,DBMS,7.1,7.9,92.7,93.5,2,35,80.2,84.3
124,Data Analytics,6.3,7.9,92.7,93.5,2,35,42.0,65.7
124,Operating Systems,3.8,7.9,92.7,93.5,2,35,91.2,74.4
124,Algorithms,7.8,7.9,92.7,93.5,2,35,42.9,64.7
125,Python Programming,5.7,9.9,76.6,70.1,2,39,85.3,77.1
125,DBMS,6.5,9.9,76.6,70.1,2,39,69.9,72.5
125,Data Analytics,2.7,9.9,76.6,70.1,2,39,90.1,63.5
125,Operating Systems,6.9,9.9,76.6,70.1,2,39,79.0,71.1
125,Algorithms,7.3,9.9,76.6,70.1,2,39,54.7,74.1
126,Python Programming,4.2,7.6,86.2,100.0,3,24,54.7,63.3
126,DBMS,2.5,7.6,86.2,100.0,3,24,47.2,55.6
126,Data Analytics,1.5,7.6,86.2,100.0,3,24,61.0,61.8
126,Operating Systems,3.6,7.6,86.2,100.0,3,24,50.0,49.3
126,Algorithms,3.4,7.6,86.2,100.0,3,24,80.6,65.2
127,Python Programming,4.8,5.2,86.3,77.5,5,13,85.6,71.1
127,DBMS,5.2,5.2,86.3,77.5,5,13,56.0,59.3
127,Data Analytics,7.3,5.2,86.3,77.5,5,13,79.1,74.1
127,Operating Systems,7.6,5.2,86.3,77.5,5,13,73.2,71.4
127,Algorithms,5.7,5.2,86.3,77.5,5,13,72.0,68.6
128,Python Programming,2.0,7.6,100.0,56.1,4,11,74.2,55.8
128,DBMS,6.5,7.6,100.0,56.1,4,11,71.8,73.1
128,Data Analytics,5.5,7.6,100.0,56.1,4,11,61.3,63.0
128,Operating Systems,5.7,7.6,100.0,56.1,4,11,54.3,66.2
128,Algorithms,3.0,7.6,100.0,56.1,4,11,65.8,57.7
129,Python Programming,5.4,7.9,83.3,81.7,3,24,64.6,67.8
129,DBMS,1.9,7.9,83.3,81.7,3,24,92.7,58.1
129,Data Analytics,4.5,7.9,83.3,81.7,3,24,77.4,69.5
129,Operating Systems,1.5,7.9,83.3,81.7,3,24,55.1,50.9
129,Algorithms,4.8,7.9,83.3,81.7,3,24,63.8,71.6
130,Python Programming,6.6,6.6,65.8,62.4,4,15,87.0,75.1
130,DBMS,2.7,6.6,65.8,62.4,4,15,92.8,63.7
130,Data Analytics,2.8,6.6,65.8,62.4,4,15,64.0,55.3
130,Operating Systems,5.2,6.6,65.8,62.4,4,15,44.0,54.7
130,Algorithms,2.3,6.6,65.8,62.4,4,15,83.6,59.2
131,Python Programming,6.4,7.9,80.3,73.6,3,12,57.0,67.5
131,DBMS,2.6,7.9,80.3,73.6,3,12,65.2,59.8
131,Data Analytics,5.2,7.9,80.3,73.6,3,12,85.9,74.1
131,Operating Systems,6.5,7.9,80.3,73.6,3,12,60.7,73.9
131,Algorithms,1.3,7.9,80.3,73.6,3,12,84.4,61.0
132,Python Programming,4.4,5.0,80.6,62.3,4,33,76.4,57.8
132,DBMS,1.8,5.0,80.6,62.3,4,33,55.9,50.6
132,Data Analytics,8.0,5.0,80.6,62.3,4,33,42.5,59.9
132,Operating Systems,6.3,5.0,80.6,62.3,4,33,60.4,69.1
132,Algorithms,7.4,5.0,80.6,62.3,4,33,92.3,73.4
133,Python Programming,2.7,8.5,61.3,47.4,3,5,50.5,50.3
133,DBMS,7.4,8.5,61.3,47.4,3,5,45.6,47.0
133,Data Analytics,1.3,8.5,61.3,47.4,3,5,42.0,35.3
133,Operating Systems,2.2,8.5,61.3,47.4,3,5,87.7,46.1
133,Algorithms,5.1,8.5,61.3,47.4,3,5,68.4,65.7
134,Python Programming,7.2,8.4,71.9,88.2,5,30,63.1,74.5
134,DBMS,6.5,8.4,71.9,88.2,5,30,66.2,67.0
134,Data Analytics,5.1,8.4,71.9,88.2,5,30,50.2,64.4
134,Operating Systems,3.3,8.4,71.9,88.2,5,30,87.0,58.9
134,Algorithms,6.7,8.4,71.9,88.2,5,30,86.0,82.8
135,Python Programming,1.3,5.4,92.4,75.9,3,27,56.0,54.3
135,DBMS,7.5,5.4,92.4,75.9,3,27,61.6,76.6
135,Data Analytics,5.1,5.4,92.4,75.9,3,27,43.4,66.9
135,Operating Systems,3.5,5.4,92.4,75.9,3,27,79.8,59.7
135,Algorithms,1.1,5.4,92.4,75.9,3,27,64.1,47.0
136,Python Programming,6.3,5.6,74.1,93.3,4,9,73.5,75.5
136,DBMS,7.3,5.6,74.1,93.3,4,9,85.0,74.1
136,Data Analytics,1.9,5.6,74.1,93.3,4,9,58.5,48.3
136,Operating Systems,8.0,5.6,74.1,93.3,4,9,62.3,76.1
136,Algorithms,4.8,5.6,74.1,93.3,4,9,48.2,54.2
137,Python Programming,2.9,4.3,67.1,62.5,3,13,74.6,55.5
137,DBMS,4.4,4.3,67.1,62.5,3,13,59.9,52.9
137,Data Analytics,1.9,4.3,67.1,62.5,3,13,70.8,51.0
137,Operating Systems,6.5,4.3,67.1,62.5,3,13,79.0,59.2
137,Algorithms,2.3,4.3,67.1,62.5,3,13,45.4,39.9
138,Python Programming,1.2,7.3,77.3,85.0,3,21,42.9,47.7
138,DBMS,2.0,7.3,77.3,85.0,3,21,51.7,46.4
138,Data Analytics,1.8,7.3,77.3,85.0,3,21,82.1,63.4
138,Operating Systems,5.7,7.3,77.3,85.0,3,21,63.9,57.0
138,Algorithms,4.4,7.3,77.3,85.0,3,21,67.9,66.4
139,Python Programming,4.9,6.7,87.9,74.1,2,8,67.6,59.5
139,DBMS,5.9,6.7,87.9,74.1,2,8,69.4,49.2
139,Data Analytics,3.2,6.7,87.9,74.1,2,8,66.5,58.5
139,Operating Systems,1.8,6.7,87.9,74.1,2,8,92.9,58.9
139,Algorithms,6.7,6.7,87.9,74.1,2,8,77.2,64.5
140,Python Programming,3.2,8.5,65.1,90.9,7,11,91.4,79.1
140,DBMS,7.0,8.5,65.1,90.9,7,11,94.0,81.6
140,Data Analytics,2.1,8.5,65.1,90.9,7,11,50.3,61.7
140,Operating Systems,1.1,8.5,65.1,90.9,7,11,61.5,57.4
140,Algorithms,7.5,8.5,65.1,90.9,7,11,63.7,72.8
141,Python Programming,5.7,8.4,82.6,64.9,4,23,44.0,59.0
141,DBMS,2.4,8.4,82.6,64.9,4,23,61.0,53.4
141,Data Analytics,6.5,8.4,82.6,64.9,4,23,83.2,78.0
141,Operating Systems,5.2,8.4,82.6,64.9,4,23,94.5,78.4
141,Algorithms,7.4,8.4,82.6,64.9,4,23,40.6,63.2
142,Python Programming,5.1,6.9,84.0,97.7,3,30,51.2,59.1
142,DBMS,4.6,6.9,84.0,97.7,3,30,44.1,60.2
142,Data Analytics,6.2,6.9,84.0,97.7,3,30,74.7,86.0
142,Operating Systems,4.8,6.9,84.0,97.7,3,30,77.9,72.1
142,Algorithms,2.2,6.9,84.0,97.7,3,30,90.9,62.0
143,Python Programming,2.9,5.9,78.8,100.0,5,6,40.8,59.9
143,DBMS,7.8,5.9,78.8,100.0,5,6,53.8,78.4
143,Data Analytics,5.3,5.9,78.8,100.0,5,6,57.2,71.2
143,Operating Systems,2.9,5.9,78.8,100.0,5,6,72.9,63.4
143,Algorithms,5.1,5.9,78.8,100.0,5,6,78.6,74.5
144,Python Programming,4.2,9.5,71.4,84.3,2,13,92.7,72.3
144,DBMS,3.8,9.5,71.4,84.3,2,13,86.2,72.5
144,Data Analytics,7.8,9.5,71.4,84.3,2,13,45.6,62.4
144,Operating Systems,1.1,9.5,71.4,84.3,2,13,63.8,54.9
144,Algorithms,7.4,9.5,71.4,84.3,2,13,63.9,70.8
145,Python Programming,2.4,4.6,75.6,79.0,2,24,76.0,46.5
145,DBMS,6.7,4.6,75.6,79.0,2,24,42.8,50.5
145,Data Analytics,2.5,4.6,75.6,79.0,2,24,72.8,43.9
145,Operating Systems,5.2,4.6,75.6,79.0,2,24,60.5,60.9
145,Algorithms,3.7,4.6,75.6,79.0,2,24,67.1,53.2
146,Python Programming,4.7,6.0,89.2,96.3,4,31,43.8,62.1
146,DBMS,3.6,6.0,89.2,96.3,4,31,90.6,77.2
146,Data Analytics,2.9,6.0,89.2,96.3,4,31,60.3,70.9
146,Operating Systems,7.3,6.0,89.2,96.3,4,31,76.7,76.9
146,Algorithms,5.4,6.0,89.2,96.3,4,31,53.7,71.6
147,Python Programming,1.4,9.6,73.9,57.7,5,19,85.4,63.6
147,DBMS,3.0,9.6,73.9,57.7,5,19,64.4,57.0
147,Data Analytics,4.4,9.6,73.9,57.7,5,19,91.0,74.0
147,Operating Systems,1.7,9.6,73.9,57.7,5,19,82.0,71.5
147,Algorithms,2.8,9.6,73.9,57.7,5,19,48.8,49.3
148,Python Programming,6.6,5.4,85.4,83.6,4,39,40.4,65.0
148,DBMS,7.5,5.4,85.4,83.6,4,39,64.4,63.2
148,Data Analytics,6.2,5.4,85.4,83.6,4,39,44.2,62.1
148,Operating Systems,7.1,5.4,85.4,83.6,4,39,85.5,80.5
148,Algorithms,6.5,5.4,85.4,83.6,4,39,74.8,69.1
149,Python Programming,4.9,5.8,65.9,84.6,2,10,67.7,59.0
149,DBMS,2.4,5.8,65.9,84.6,2,10,87.2,64.3
149,Data Analytics,7.0,5.8,65.9,84.6,2,10,81.2,73.9
149,Operating Systems,4.1,5.8,65.9,84.6,2,10,73.6,62.4
149,Algorithms,2.3,5.8,65.9,84.6,2,10,78.2,51.7
150,Python Programming,6.1,6.6,75.8,84.3,2,41,68.3,68.3
150,DBMS,2.1,6.6,75.8,84.3,2,41,44.6,44.6
150,Data Analytics,3.5,6.6,75.8,84.3,2,41,45.8,52.7
150,Operating Systems,2.6,6.6,75.8,84.3,2,41,68.6,48.8
150,Algorithms,1.4,6.6,75.8,84.3,2,41,61.5,52.8
151,Python Programming,3.9,6.0,72.6,78.9,5,13,63.6,60.7
151,DBMS,4.8,6.0,72.6,78.9,5,13,78.3,64.0
151,Data Analytics,4.5,6.0,72.6,78.9,5,13,62.7,64.6
151,Operating Systems,7.1,6.0,72.6,78.9,5,13,74.7,68.9
151,Algorithms,5.2,6.0,72.6,78.9,5,13,46.4,58.8
152,Python Programming,7.3,6.4,71.0,59.7,3,30,51.2,61.1
152,DBMS,4.6,6.4,71.0,59.7,3,30,63.1,56.8
152,Data Analytics,4.9,6.4,71.0,59.7,3,30,74.6,58.1
152,Operating Systems,5.8,6.4,71.0,59.7,3,30,53.9,63.6
152,Algorithms,6.7,6.4,71.0,59.7,3,30,86.4,72.1
153,Python Programming,7.0,6.7,59.1,90.7,2,23,88.5,91.2
153,DBMS,4.3,6.7,59.1,90.7,2,23,44.2,58.2
153,Data Analytics,7.3,6.7,59.1,90.7,2,23,51.2,61.1
153,Operating Systems,1.5,6.7,59.1,90.7,2,23,88.3,63.2
153,Algorithms,7.8,6.7,59.1,90.7,2,23,43.7,51.1
154,Python Programming,8.0,7.3,73.9,79.4,3,24,70.7,74.6
154,DBMS,3.2,7.3,73.9,79.4,3,24,52.1,47.3
154,Data Analytics,1.5,7.3,73.9,79.4,3,24,60.3,44.0
154,Operating Systems,4.2,7.3,73.9,79.4,3,24,79.8,72.8
154,Algorithms,1.1,7.3,73.9,79.4,3,24,52.0,52.1
155,Python Programming,1.3,10.0,77.9,63.6,5,19,72.0,61.2
155,DBMS,4.0,10.0,77.9,63.6,5,19,70.1,56.5
155,Data Analytics,5.7,10.0,77.9,63.6,5,19,81.7,78.0
155,Operating Systems,1.1,10.0,77.9,63.6,5,19,51.4,48.1
155,Algorithms,5.6,10.0,77.9,63.6,5,19,59.1,75.8
156,Python Programming,4.8,6.5,69.0,97.0,4,41,81.7,69.4
156,DBMS,3.1,6.5,69.0,97.0,4,41,62.8,55.4
156,Data Analytics,5.1,6.5,69.0,97.0,4,41,50.2,68.6
156,Operating Systems,5.2,6.5,69.0,97.0,4,41,87.4,76.3
156,Algorithms,6.2,6.5,69.0,97.0,4,41,70.7,74.8
157,Python Programming,4.0,7.4,69.6,82.7,4,36,70.2,69.1
157,DBMS,4.7,7.4,69.6,82.7,4,36,75.0,63.7
157,Data Analytics,4.7,7.4,69.6,82.7,4,36,85.4,75.1
157,Operating Systems,4.2,7.4,69.6,82.7,4,36,55.3,64.6
157,Algorithms,1.4,7.4,69.6,82.7,4,36,82.7,63.0
158,Python Programming,3.6,9.0,78.4,85.0,7,24,63.8,72.2
158,DBMS,1.2,9.0,78.4,85.0,7,24,54.3,59.9
158,Data Analytics,1.3,9.0,78.4,85.0,7,24,76.7,58.5
158,Operating Systems,3.3,9.0,78.4,85.0,7,24,89.4,75.1
158,Algorithms,7.3,9.0,78.4,85.0,7,24,94.8,94.3
159,Python Programming,1.7,7.5,83.4,83.9,4,42,94.9,71.9
159,DBMS,3.3,7.5,83.4,83.9,4,42,81.2,69.3
159,Data Analytics,8.0,7.5,83.4,83.9,4,42,53.3,73.4
159,Operating Systems,1.3,7.5,83.4,83.9,4,42,62.6,61.0
159,Algorithms,5.0,7.5,83.4,83.9,4,42,57.2,61.2
160,Python Programming,4.6,8.0,68.0,59.5,7,19,40.3,62.8
160,DBMS,7.6,8.0,68.0,59.5,7,19,62.8,65.8
160,Data Analytics,1.5,8.0,68.0,59.5,7,19,75.1,52.7
160,Operating Systems,6.1,8.0,68.0,59.5,7,19,77.2,75.8
160,Algorithms,5.0,8.0,68.0,59.5,7,19,87.8,69.7
161,Python Programming,7.9,4.9,65.1,52.9,5,25,75.7,71.2
161,DBMS,6.6,4.9,65.1,52.9,5,25,79.3,64.9
161,Data Analytics,4.2,4.9,65.1,52.9,5,25,77.1,60.5
161,Operating Systems,5.7,4.9,65.1,52.9,5,25,60.5,68.4
161,Algorithms,5.9,4.9,65.1,52.9,5,25,75.7,64.5
162,Python Programming,4.2,6.3,72.6,55.0,5,26,76.7,60.9
162,DBMS,6.9,6.3,72.6,55.0,5,26,49.3,69.1
162,Data Analytics,6.9,6.3,72.6,55.0,5,26,84.2,77.8
162,Operating Systems,7.7,6.3,72.6,55.0,5,26,69.5,58.2
162,Algorithms,2.1,6.3,72.6,55.0,5,26,71.5,53.3
163,Python Programming,5.9,6.7,83.9,68.7,3,26,43.7,58.5
163,DBMS,2.6,6.7,83.9,68.7,3,26,90.4,56.7
163,Data Analytics,5.8,6.7,83.9,68.7,3,26,72.8,70.3
163,Operating Systems,4.5,6.7,83.9,68.7,3,26,93.7,65.5
163,Algorithms,6.6,6.7,83.9,68.7,3,26,88.7,82.5
164,Python Programming,7.6,6.5,77.5,78.8,6,12,82.7,85.2
164,DBMS,1.9,6.5,77.5,78.8,6,12,59.1,45.7
164,Data Analytics,5.7,6.5,77.5,78.8,6,12,89.1,71.4
164,Operating Systems,3.1,6.5,77.5,78.8,6,12,70.4,61.3
164,Algorithms,2.2,6.5,77.5,78.8,6,12,66.1,65.9
165,Python Programming,6.6,5.8,78.9,74.1,5,27,57.9,68.7
165,DBMS,3.1,5.8,78.9,74.1,5,27,52.8,52.1
165,Data Analytics,3.5,5.8,78.9,74.1,5,27,77.1,60.8
165,Operating Systems,1.4,5.8,78.9,74.1,5,27,51.6,46.6
165,Algorithms,3.4,5.8,78.9,74.1,5,27,87.6,68.8
166,Python Programming,6.5,6.8,60.8,59.0,5,42,56.7,64.8
166,DBMS,3.2,6.8,60.8,59.0,5,42,40.2,47.8
166,Data Analytics,4.1,6.8,60.8,59.0,5,42,94.1,68.3
166,Operating Systems,3.8,6.8,60.8,59.0,5,42,79.3,58.4
166,Algorithms,2.3,6.8,60.8,59.0,5,42,59.1,44.3
167,Python Programming,4.9,7.0,82.2,68.8,2,43,82.1,70.5
167,DBMS,7.6,7.0,82.2,68.8,2,43,40.9,47.5
167,Data Analytics,5.6,7.0,82.2,68.8,2,43,70.8,74.6
167,Operating Systems,5.8,7.0,82.2,68.8,2,43,76.2,68.2
167,Algorithms,1.9,7.0,82.2,68.8,2,43,78.4,54.9
168,Python Programming,7.1,4.0,84.3,100.0,6,30,62.2,72.9
168,DBMS,7.8,4.0,84.3,100.0,6,30,91.3,80.4
168,Data Analytics,1.9,4.0,84.3,100.0,6,30,87.0,70.4
168,Operating Systems,2.2,4.0,84.3,100.0,6,30,87.0,53.6
168,Algorithms,7.3,4.0,84.3,100.0,6,30,73.2,75.7
169,Python Programming,7.6,10.0,95.6,69.7,7,39,89.2,85.6
169,DBMS,3.4,10.0,95.6,69.7,7,39,80.1,65.5
169,Data Analytics,7.9,10.0,95.6,69.7,7,39,41.4,78.9
169,Operating Systems,2.8,10.0,95.6,69.7,7,39,68.6,81.6
169,Algorithms,6.3,10.0,95.6,69.7,7,39,74.3,84.6
170,Python Programming,4.9,7.2,74.2,65.4,5,37,51.0,61.4
170,DBMS,3.1,7.2,74.2,65.4,5,37,53.0,57.9
170,Data Analytics,6.5,7.2,74.2,65.4,5,37,72.4,72.3
170,Operating Systems,1.0,7.2,74.2,65.4,5,37,82.5,62.7
170,Algorithms,6.3,7.2,74.2,65.4,5,37,68.2,76.9
171,Python Programming,5.7,7.3,83.6,92.6,3,17,82.0,72.6
171,DBMS,1.3,7.3,83.6,92.6,3,17,75.6,62.5
171,Data Analytics,4.3,7.3,83.6,92.6,3,17,82.5,64.8
171,Operating Systems,1.9,7.3,83.6,92.6,3,17,74.4,64.0
171,Algorithms,7.5,7.3,83.6,92.6,3,17,94.8,82.0
172,Python Programming,7.4,8.1,86.5,68.6,2,18,50.4,54.7
172,DBMS,7.5,8.1,86.5,68.6,2,18,78.3,68.8
172,Data Analytics,1.4,8.1,86.5,68.6,2,18,71.3,56.6
172,Operating Systems,5.6,8.1,86.5,68.6,2,18,51.6,65.6
172,Algorithms,6.8,8.1,86.5,68.6,2,18,91.0,78.3
173,Python Programming,3.9,5.4,65.7,76.5,6,39,56.1,64.0
173,DBMS,3.3,5.4,65.7,76.5,6,39,56.2,56.3
173,Data Analytics,5.2,5.4,65.7,76.5,6,39,75.9,66.3
173,Operating Systems,2.3,5.4,65.7,76.5,6,39,56.3,59.7
173,Algorithms,4.5,5.4,65.7,76.5,6,39,59.3,68.7
174,Python Programming,3.2,8.0,77.5,88.1,6,23,58.7,70.4
174,DBMS,1.6,8.0,77.5,88.1,6,23,64.4,56.2
174,Data Analytics,6.8,8.0,77.5,88.1,6,23,91.5,79.1
174,Operating Systems,2.3,8.0,77.5,88.1,6,23,60.5,55.5
174,Algorithms,7.8,8.0,77.5,88.1,6,23,64.6,80.4
175,Python Programming,7.3,7.0,63.5,55.3,7,23,85.0,82.6
175,DBMS,6.3,7.0,63.5,55.3,7,23,43.1,55.9
175,Data Analytics,3.8,7.0,63.5,55.3,7,23,88.7,77.8
175,Operating Systems,7.3,7.0,63.5,55.3,7,23,90.0,85.7
175,Algorithms,2.9,7.0,63.5,55.3,7,23,50.5,47.5
176,Python Programming,6.1,5.4,74.7,78.4,2,25,69.2,65.1
176,DBMS,3.0,5.4,74.7,78.4,2,25,67.1,57.7
176,Data Analytics,4.0,5.4,74.7,78.4,2,25,49.0,42.4
176,Operating Systems,1.8,5.4,74.7,78.4,2,25,70.1,49.9
176,Algorithms,6.1,5.4,74.7,78.4,2,25,76.2,69.9
177,Python Programming,6.8,8.2,99.1,95.9,4,12,84.1,73.2
177,DBMS,1.7,8.2,99.1,95.9,4,12,71.7,58.7
177,Data Analytics,7.9,8.2,99.1,95.9,4,12,51.8,75.0
177,Operating Systems,1.5,8.2,99.1,95.9,4,12,72.7,65.7
177,Algorithms,1.7,8.2,99.1,95.9,4,12,49.5,66.4
178,Python Programming,2.8,7.9,62.6,68.1,6,34,93.3,61.7
178,DBMS,4.0,7.9,62.6,68.1,6,34,59.1,58.9
178,Data Analytics,2.6,7.9,62.6,68.1,6,34,73.8,71.3
178,Operating Systems,2.8,7.9,62.6,68.1,6,34,71.8,67.2
178,Algorithms,6.7,7.9,62.6,68.1,6,34,66.3,69.2
179,Python Programming,6.8,4.9,67.1,58.8,2,21,59.7,55.0
179,DBMS,7.4,4.9,67.1,58.8,2,21,71.1,62.5
179,Data Analytics,5.0,4.9,67.1,58.8,2,21,81.9,59.2
179,Operating Systems,6.5,4.9,67.1,58.8,2,21,55.2,53.0
179,Algorithms,3.9,4.9,67.1,58.8,2,21,73.1,55.3
180,Python Programming,3.3,7.6,78.2,81.8,7,22,91.0,69.9
180,DBMS,6.9,7.6,78.2,81.8,7,22,52.3,72.4
180,Data Analytics,6.4,7.6,78.2,81.8,7,22,42.4,59.0
180,Operating Systems,5.9,7.6,78.2,81.8,7,22,75.7,80.9
180,Algorithms,7.6,7.6,78.2,81.8,7,22,42.6,65.3
181,Python Programming,3.9,4.2,73.6,74.0,4,40,77.2,63.2
181,DBMS,5.6,4.2,73.6,74.0,4,40,43.9,47.9
181,Data Analytics,2.1,4.2,73.6,74.0,4,40,85.5,56.0
181,Operating Systems,1.3,4.2,73.6,74.0,4,40,63.1,40.2
181,Algorithms,4.5,4.2,73.6,74.0,4,40,80.2,65.0
182,Python Programming,4.7,8.0,82.3,67.5,2,42,77.3,64.2
182,DBMS,4.0,8.0,82.3,67.5,2,42,80.2,63.0
182,Data Analytics,6.8,8.0,82.3,67.5,2,42,69.7,70.6
182,Operating Systems,6.9,8.0,82.3,67.5,2,42,63.7,71.1
182,Algorithms,2.8,8.0,82.3,67.5,2,42,86.4,62.0
183,Python Programming,6.8,4.0,100.0,72.8,6,7,79.2,76.1
183,DBMS,5.9,4.0,100.0,72.8,6,7,57.8,61.2
183,Data Analytics,7.0,4.0,100.0,72.8,6,7,85.1,74.4
183,Operating Systems,4.1,4.0,100.0,72.8,6,7,47.3,63.2
183,Algorithms,4.2,4.0,100.0,72.8,6,7,82.9,61.2
184,Python Programming,3.9,4.9,56.6,55.6,4,27,48.8,50.1
184,DBMS,2.2,4.9,56.6,55.6,4,27,63.0,49.0
184,Data Analytics,1.6,4.9,56.6,55.6,4,27,61.6,46.0
184,Operating Systems,1.7,4.9,56.6,55.6,4,27,40.9,43.1
184,Algorithms,2.1,4.9,56.6,55.6,4,27,52.9,51.5
185,Python Programming,7.0,6.5,84.9,69.2,5,22,80.2,69.2
185,DBMS,7.6,6.5,84.9,69.2,5,22,83.0,73.4
185,Data Analytics,5.9,6.5,84.9,69.2,5,22,60.0,61.7
185,Operating Systems,5.0,6.5,84.9,69.2,5,22,40.3,56.5
185,Algorithms,5.0,6.5,84.9,69.2,5,22,81.3,66.9
186,Python Programming,2.6,5.3,80.4,93.2,5,21,57.5,55.1
186,DBMS,2.8,5.3,80.4,93.2,5,21,44.8,53.3
186,Data Analytics,3.0,5.3,80.4,93.2,5,21,55.4,54.4
186,Operating Systems,3.3,5.3,80.4,93.2,5,21,76.5,67.0
186,Algorithms,6.1,5.3,80.4,93.2,5,21,66.6,72.7
187,Python Programming,7.4,9.8,85.0,94.9,6,31,70.1,85.7
187,DBMS,6.1,9.8,85.0,94.9,6,31,59.1,71.4
187,Data Analytics,2.2,9.8,85.0,94.9,6,31,85.5,72.7
187,Operating Systems,5.1,9.8,85.0,94.9,6,31,58.6,70.1
187,Algorithms,7.8,9.8,85.0,94.9,6,31,59.0,85.2
188,Python Programming,7.1,5.4,67.4,68.0,2,10,83.5,62.4
188,DBMS,2.0,5.4,67.4,68.0,2,10,70.0,51.8
188,Data Analytics,1.6,5.4,67.4,68.0,2,10,41.9,48.8
188,Operating Systems,7.9,5.4,67.4,68.0,2,10,41.7,58.5
188,Algorithms,1.8,5.4,67.4,68.0,2,10,49.3,26.9
189,Python Programming,5.3,5.9,92.4,68.9,6,36,62.6,69.9
189,DBMS,4.0,5.9,92.4,68.9,6,36,58.2,66.6
189,Data Analytics,2.4,5.9,92.4,68.9,6,36,91.4,68.7
189,Operating Systems,5.8,5.9,92.4,68.9,6,36,85.3,83.1
189,Algorithms,1.1,5.9,92.4,68.9,6,36,85.0,63.0
190,Python Programming,1.9,5.9,86.6,79.3,3,23,93.9,76.0
190,DBMS,5.7,5.9,86.6,79.3,3,23,86.6,78.2
190,Data Analytics,5.2,5.9,86.6,79.3,3,23,73.2,60.3
190,Operating Systems,5.8,5.9,86.6,79.3,3,23,71.6,59.1
190,Algorithms,6.4,5.9,86.6,79.3,3,23,52.4,59.8
191,Python Programming,5.6,8.1,69.5,93.6,6,41,51.7,74.6
191,DBMS,1.9,8.1,69.5,93.6,6,41,78.6,68.2
191,Data Analytics,3.9,8.1,69.5,93.6,6,41,47.0,55.2
191,Operating Systems,1.2,8.1,69.5,93.6,6,41,74.3,65.0
191,Algorithms,4.4,8.1,69.5,93.6,6,41,82.8,77.3
192,Python Programming,3.8,8.4,91.9,90.1,7,18,84.3,71.4
192,DBMS,5.1,8.4,91.9,90.1,7,18,49.1,69.0
192,Data Analytics,4.8,8.4,91.9,90.1,7,18,86.2,80.4
192,Operating Systems,1.9,8.4,91.9,90.1,7,18,84.0,76.3
192,Algorithms,8.0,8.4,91.9,90.1,7,18,73.3,89.9
193,Python Programming,6.3,6.3,88.7,73.3,5,36,44.5,63.5
193,DBMS,7.5,6.3,88.7,73.3,5,36,57.9,69.7
193,Data Analytics,1.3,6.3,88.7,73.3,5,36,77.7,53.6
193,Operating Systems,7.3,6.3,88.7,73.3,5,36,86.0,79.3
193,Algorithms,3.2,6.3,88.7,73.3,5,36,89.2,52.6
194,Python Programming,2.0,8.4,66.5,61.3,7,23,45.1,58.5
194,DBMS,6.7,8.4,66.5,61.3,7,23,89.2,87.9
194,Data Analytics,3.7,8.4,66.5,61.3,7,23,76.6,69.0
194,Operating Systems,7.9,8.4,66.5,61.3,7,23,52.4,69.8
194,Algorithms,2.0,8.4,66.5,61.3,7,23,44.5,39.5
195,Python Programming,3.8,6.7,72.0,73.6,4,5,77.0,68.6
195,DBMS,5.8,6.7,72.0,73.6,4,5,57.3,64.5
195,Data Analytics,1.9,6.7,72.0,73.6,4,5,71.8,51.5
195,Operating Systems,5.9,6.7,72.0,73.6,4,5,78.5,73.2
195,Algorithms,4.5,6.7,72.0,73.6,4,5,80.2,68.7
196,Python Programming,2.6,7.7,68.2,63.7,5,26,52.4,57.8
196,DBMS,4.9,7.7,68.2,63.7,5,26,68.8,60.3
196,Data Analytics,2.9,7.7,68.2,63.7,5,26,82.4,58.6
196,Operating Systems,5.6,7.7,68.2,63.7,5,26,85.8,73.1
196,Algorithms,1.5,7.7,68.2,63.7,5,26,42.6,48.0
197,Python Programming,5.6,6.7,83.8,100.0,3,42,48.5,62.7
197,DBMS,7.8,6.7,83.8,100.0,3,42,70.0,73.4
197,Data Analytics,7.6,6.7,83.8,100.0,3,42,69.1,81.8
197,Operating Systems,6.1,6.7,83.8,100.0,3,42,90.8,82.2
197,Algorithms,5.7,6.7,83.8,100.0,3,42,56.9,66.9
198,Python Programming,6.7,4.0,88.2,78.3,6,30,65.7,64.8
198,DBMS,1.5,4.0,88.2,78.3,6,30,49.1,48.2
198,Data Analytics,1.7,4.0,88.2,78.3,6,30,46.3,44.3
198,Operating Systems,7.6,4.0,88.2,78.3,6,30,88.0,81.7
198,Algorithms,1.0,4.0,88.2,78.3,6,30,73.8,55.2
199,Python Programming,2.4,10.0,71.9,77.6,3,22,49.9,56.5
199,DBMS,2.8,10.0,71.9,77.6,3,22,68.9,57.6
199,Data Analytics,5.7,10.0,71.9,77.6,3,22,42.1,58.6
199,Operating Systems,5.3,10.0,71.9,77.6,3,22,78.4,68.8
199,Algorithms,1.8,10.0,71.9,77.6,3,22,54.0,52.3
200,Python Programming,2.2,4.2,82.7,87.9,4,22,88.3,63.0
200,DBMS,4.9,4.2,82.7,87.9,4,22,87.8,77.1
200,Data Analytics,4.7,4.2,82.7,87.9,4,22,57.6,51.3
200,Operating Systems,4.3,4.2,82.7,87.9,4,22,67.6,58.2
200,Algorithms,6.5,4.2,82.7,87.9,4,22,90.4,70.9
201,Python Programming,8.0,5.5,66.1,81.5,6,35,40.6,52.6
201,DBMS,7.3,5.5,66.1,81.5,6,35,48.2,68.5
201,Data Analytics,3.4,5.5,66.1,81.5,6,35,88.1,74.5
201,Operating Systems,1.1,5.5,66.1,81.5,6,35,52.5,39.1
201,Algorithms,5.3,5.5,66.1,81.5,6,35,41.3,61.8
202,Python Programming,6.7,5.0,78.2,70.6,7,35,85.4,70.1
202,DBMS,5.1,5.0,78.2,70.6,7,35,59.4,64.7
202,Data Analytics,6.8,5.0,78.2,70.6,7,35,74.7,80.8
202,Operating Systems,6.5,5.0,78.2,70.6,7,35,72.9,75.0
202,Algorithms,4.8,5.0,78.2,70.6,7,35,73.3,66.9
203,Python Programming,6.9,5.1,85.7,82.5,2,36,69.9,70.6
203,DBMS,3.6,5.1,85.7,82.5,2,36,74.4,55.1
203,Data Analytics,5.2,5.1,85.7,82.5,2,36,61.2,63.7
203,Operating Systems,7.0,5.1,85.7,82.5,2,36,92.4,74.2
203,Algorithms,2.4,5.1,85.7,82.5,2,36,66.1,55.8
204,Python Programming,1.8,10.0,90.6,77.4,4,17,90.5,74.9
204,DBMS,6.4,10.0,90.6,77.4,4,17,85.2,82.0
204,Data Analytics,4.2,10.0,90.6,77.4,4,17,58.2,70.2
204,Operating Systems,5.1,10.0,90.6,77.4,4,17,65.0,74.3
204,Algorithms,7.9,10.0,90.6,77.4,4,17,83.8,85.3
205,Python Programming,7.5,8.7,87.8,79.8,5,22,45.0,71.2
205,DBMS,3.0,8.7,87.8,79.8,5,22,77.0,74.0
205,Data Analytics,3.9,8.7,87.8,79.8,5,22,75.9,66.9
205,Operating Systems,5.1,8.7,87.8,79.8,5,22,41.2,62.2
205,Algorithms,7.7,8.7,87.8,79.8,5,22,46.3,74.0
206,Python Programming,5.1,6.9,67.1,82.4,5,6,46.2,56.8
206,DBMS,3.3,6.9,67.1,82.4,5,6,83.0,77.0
206,Data Analytics,5.5,6.9,67.1,82.4,5,6,86.4,69.8
206,Operating Systems,3.3,6.9,67.1,82.4,5,6,77.8,76.7
206,Algorithms,6.2,6.9,67.1,82.4,5,6,73.7,71.5
207,Python Programming,5.8,8.2,74.0,93.0,5,41,47.7,67.7
207,DBMS,3.9,8.2,74.0,93.0,5,41,70.2,71.0
207,Data Analytics,8.0,8.2,74.0,93.0,5,41,47.4,60.3
207,Operating Systems,5.7,8.2,74.0,93.0,5,41,61.8,68.0
207,Algorithms,5.7,8.2,74.0,93.0,5,41,66.6,66.7
208,Python Programming,4.3,5.4,61.7,56.3,4,25,70.4,53.6
208,DBMS,5.0,5.4,61.7,56.3,4,25,51.6,58.8
208,Data Analytics,4.9,5.4,61.7,56.3,4,25,54.4,50.4
208,Operating Systems,5.9,5.4,61.7,56.3,4,25,71.2,65.7
208,Algorithms,5.3,5.4,61.7,56.3,4,25,66.8,63.2
209,Python Programming,3.0,6.1,76.0,77.4,6,6,40.4,49.6
209,DBMS,4.5,6.1,76.0,77.4,6,6,55.7,64.5
209,Data Analytics,2.2,6.1,76.0,77.4,6,6,65.9,58.6
209,Operating Systems,1.6,6.1,76.0,77.4,6,6,74.4,48.2
209,Algorithms,4.6,6.1,76.0,77.4,6,6,89.3,79.4
210,Python Programming,4.0,8.6,82.3,90.3,2,27,81.2,61.7
210,DBMS,7.4,8.6,82.3,90.3,2,27,71.5,73.1
210,Data Analytics,2.4,8.6,82.3,90.3,2,27,53.6,50.7
210,Operating Systems,3.1,8.6,82.3,90.3,2,27,70.5,54.9
210,Algorithms,5.3,8.6,82.3,90.3,2,27,44.5,69.5
211,Python Programming,5.7,7.1,65.1,51.2,5,44,83.9,77.3
211,DBMS,7.5,7.1,65.1,51.2,5,44,41.1,71.8
211,Data Analytics,5.6,7.1,65.1,51.2,5,44,77.3,59.9
211,Operating Systems,7.5,7.1,65.1,51.2,5,44,94.8,74.2
211,Algorithms,7.2,7.1,65.1,51.2,5,44,42.7,65.0
212,Python Programming,6.3,6.7,83.4,47.8,6,13,57.2,59.1
212,DBMS,3.9,6.7,83.4,47.8,6,13,51.5,55.4
212,Data Analytics,7.5,6.7,83.4,47.8,6,13,56.7,68.4
212,Operating Systems,6.5,6.7,83.4,47.8,6,13,82.1,68.8
212,Algorithms,5.7,6.7,83.4,47.8,6,13,80.1,69.2
213,Python Programming,5.5,7.5,66.3,60.1,7,15,81.0,71.4
213,DBMS,2.6,7.5,66.3,60.1,7,15,62.3,53.9
213,Data Analytics,6.5,7.5,66.3,60.1,7,15,90.0,76.2
213,Operating Systems,3.6,7.5,66.3,60.1,7,15,81.3,60.1
213,Algorithms,1.4,7.5,66.3,60.1,7,15,66.7,50.2
214,Python Programming,3.1,6.3,77.1,69.6,5,21,87.2,78.5
214,DBMS,7.0,6.3,77.1,69.6,5,21,82.1,78.1
214,Data Analytics,7.6,6.3,77.1,69.6,5,21,77.5,71.9
214,Operating Systems,3.3,6.3,77.1,69.6,5,21,67.5,60.5
214,Algorithms,1.8,6.3,77.1,69.6,5,21,57.2,62.6
215,Python Programming,6.3,7.5,83.7,62.5,7,43,84.7,78.5
215,DBMS,7.6,7.5,83.7,62.5,7,43,57.2,78.4
215,Data Analytics,5.7,7.5,83.7,62.5,7,43,53.9,70.8
215,Operating Systems,7.1,7.5,83.7,62.5,7,43,49.3,69.4
215,Algorithms,4.3,7.5,83.7,62.5,7,43,86.7,72.9
216,Python Programming,5.0,6.4,68.8,91.5,4,40,56.9,69.2
216,DBMS,4.3,6.4,68.8,91.5,4,40,83.6,68.6
216,Data Analytics,4.3,6.4,68.8,91.5,4,40,78.8,71.0
216,Operating Systems,7.5,6.4,68.8,91.5,4,40,47.8,62.5
216,Algorithms,5.3,6.4,68.8,91.5,4,40,56.8,60.9
217,Python Programming,5.9,6.7,74.9,91.0,4,12,74.6,79.2
217,DBMS,7.0,6.7,74.9,91.0,4,12,47.3,66.0
217,Data Analytics,8.0,6.7,74.9,91.0,4,12,90.1,85.4
217,Operating Systems,2.6,6.7,74.9,91.0,4,12,43.1,52.0
217,Algorithms,2.2,6.7,74.9,91.0,4,12,49.2,43.6
218,Python Programming,2.7,6.9,74.9,64.9,6,31,44.0,50.5
218,DBMS,5.6,6.9,74.9,64.9,6,31,72.7,61.7
218,Data Analytics,6.5,6.9,74.9,64.9,6,31,50.8,56.0
218,Operating Systems,6.7,6.9,74.9,64.9,6,31,75.7,68.2
218,Algorithms,2.8,6.9,74.9,64.9,6,31,81.4,52.9
219,Python Programming,7.4,7.2,59.8,87.9,7,9,59.0,72.0
219,DBMS,1.4,7.2,59.8,87.9,7,9,51.2,46.6
219,Data Analytics,1.0,7.2,59.8,87.9,7,9,90.3,64.1
219,Operating Systems,6.9,7.2,59.8,87.9,7,9,80.8,81.2
219,Algorithms,7.5,7.2,59.8,87.9,7,9,63.7,74.8
220,Python Programming,6.0,5.4,80.3,76.9,3,37,46.1,56.2
220,DBMS,1.2,5.4,80.3,76.9,3,37,94.7,66.2
220,Data Analytics,3.4,5.4,80.3,76.9,3,37,64.4,53.7
220,Operating Systems,5.7,5.4,80.3,76.9,3,37,68.0,65.5
220,Algorithms,4.4,5.4,80.3,76.9,3,37,94.3,69.3
221,Python Programming,5.9,8.2,71.9,71.4,2,33,59.0,67.2
221,DBMS,1.0,8.2,71.9,71.4,2,33,62.2,52.3
221,Data Analytics,3.4,8.2,71.9,71.4,2,33,85.5,61.6
221,Operating Systems,1.0,8.2,71.9,71.4,2,33,56.9,43.3
221,Algorithms,1.5,8.2,71.9,71.4,2,33,50.3,42.6
222,Python Programming,7.3,7.7,62.3,61.5,4,15,67.1,59.4
222,DBMS,3.3,7.7,62.3,61.5,4,15,45.9,44.7
222,Data Analytics,3.2,7.7,62.3,61.5,4,15,49.0,45.5
222,Operating Systems,6.5,7.7,62.3,61.5,4,15,46.7,55.4
222,Algorithms,1.5,7.7,62.3,61.5,4,15,90.0,61.6
223,Python Programming,2.2,6.3,84.9,100.0,6,20,87.0,69.1
223,DBMS,1.1,6.3,84.9,100.0,6,20,68.1,59.2
223,Data Analytics,3.0,6.3,84.9,100.0,6,20,55.9,62.6
223,Operating Systems,3.6,6.3,84.9,100.0,6,20,61.6,59.2
223,Algorithms,5.8,6.3,84.9,100.0,6,20,49.2,68.3
224,Python Programming,2.1,4.0,80.3,59.8,7,5,70.1,64.2
224,DBMS,1.6,4.0,80.3,59.8,7,5,60.8,48.1
224,Data Analytics,2.9,4.0,80.3,59.8,7,5,92.6,65.2
224,Operating Systems,7.7,4.0,80.3,59.8,7,5,59.4,71.3
224,Algorithms,2.0,4.0,80.3,59.8,7,5,82.0,58.6
225,Python Programming,2.0,6.2,93.1,84.4,3,33,91.6,71.3
225,DBMS,7.4,6.2,93.1,84.4,3,33,88.8,85.9
225,Data Analytics,1.5,6.2,93.1,84.4,3,33,58.4,54.0
225,Operating Systems,3.2,6.2,93.1,84.4,3,33,75.0,57.7
225,Algorithms,5.2,6.2,93.1,84.4,3,33,84.8,70.0
226,Python Programming,5.2,6.5,70.3,76.1,3,16,78.3,67.8
226,DBMS,3.5,6.5,70.3,76.1,3,16,85.3,63.4
226,Data Analytics,6.6,6.5,70.3,76.1,3,16,49.9,53.8
226,Operating Systems,1.8,6.5,70.3,76.1,3,16,88.6,66.6
226,Algorithms,1.2,6.5,70.3,76.1,3,16,78.0,49.1
227,Python Programming,2.0,6.8,76.3,64.5,6,28,56.4,52.0
227,DBMS,1.6,6.8,76.3,64.5,6,28,90.1,63.8
227,Data Analytics,1.9,6.8,76.3,64.5,6,28,56.9,52.0
227,Operating Systems,7.5,6.8,76.3,64.5,6,28,48.9,68.7
227,Algorithms,7.2,6.8,76.3,64.5,6,28,70.5,82.0
228,Python Programming,7.2,7.2,66.1,71.3,5,13,46.3,67.4
228,DBMS,1.0,7.2,66.1,71.3,5,13,67.6,61.7
228,Data Analytics,1.4,7.2,66.1,71.3,5,13,57.3,59.7
228,Operating Systems,4.5,7.2,66.1,71.3,5,13,51.9,68.1
228,Algorithms,2.8,7.2,66.1,71.3,5,13,74.3,60.4
229,Python Programming,4.0,7.7,75.7,77.1,2,37,57.2,60.9
229,DBMS,6.1,7.7,75.7,77.1,2,37,83.8,74.6
229,Data Analytics,3.4,7.7,75.7,77.1,2,37,70.0,65.9
229,Operating Systems,1.3,7.7,75.7,77.1,2,37,81.0,55.1
229,Algorithms,1.4,7.7,75.7,77.1,2,37,61.3,50.1
230,Python Programming,4.8,10.0,69.7,58.0,7,18,51.2,66.9
230,DBMS,3.0,10.0,69.7,58.0,7,18,81.2,62.1
230,Data Analytics,7.8,10.0,69.7,58.0,7,18,79.3,82.9
230,Operating Systems,7.7,10.0,69.7,58.0,7,18,63.5,82.2
230,Algorithms,4.7,10.0,69.7,58.0,7,18,78.9,73.6
231,Python Programming,1.3,4.6,76.5,33.7,3,44,93.8,53.9
231,DBMS,2.7,4.6,76.5,33.7,3,44,76.5,50.9
231,Data Analytics,2.1,4.6,76.5,33.7,3,44,80.0,55.5
231,Operating Systems,5.2,4.6,76.5,33.7,3,44,80.2,49.5
231,Algorithms,5.5,4.6,76.5,33.7,3,44,43.8,51.2
232,Python Programming,7.0,6.2,90.1,59.7,7,36,58.7,67.4
232,DBMS,7.1,6.2,90.1,59.7,7,36,44.8,68.4
232,Data Analytics,2.3,6.2,90.1,59.7,7,36,63.7,60.1
232,Operating Systems,2.2,6.2,90.1,59.7,7,36,78.9,73.9
232,Algorithms,2.4,6.2,90.1,59.7,7,36,51.6,56.8
233,Python Programming,3.1,6.6,79.1,81.2,4,39,54.6,56.4
233,DBMS,5.9,6.6,79.1,81.2,4,39,50.6,62.8
233,Data Analytics,6.8,6.6,79.1,81.2,4,39,45.6,58.9
233,Operating Systems,6.5,6.6,79.1,81.2,4,39,84.6,72.7
233,Algorithms,2.2,6.6,79.1,81.2,4,39,78.9,61.1
234,Python Programming,6.0,7.5,85.7,80.3,3,21,50.1,63.8
234,DBMS,3.3,7.5,85.7,80.3,3,21,66.8,52.6
234,Data Analytics,2.0,7.5,85.7,80.3,3,21,80.0,58.0
234,Operating Systems,6.7,7.5,85.7,80.3,3,21,54.2,63.6
234,Algorithms,4.5,7.5,85.7,80.3,3,21,87.1,77.9
235,Python Programming,3.7,7.9,87.5,83.3,5,28,55.8,61.3
235,DBMS,6.1,7.9,87.5,83.3,5,28,86.0,78.0
235,Data Analytics,7.0,7.9,87.5,83.3,5,28,42.3,71.5
235,Operating Systems,1.3,7.9,87.5,83.3,5,28,74.3,60.6
235,Algorithms,5.7,7.9,87.5,83.3,5,28,58.5,66.9
236,Python Programming,6.9,5.8,74.3,63.6,2,36,46.3,55.9
236,DBMS,2.8,5.8,74.3,63.6,2,36,85.5,58.7
236,Data Analytics,4.3,5.8,74.3,63.6,2,36,83.6,61.5
236,Operating Systems,3.8,5.8,74.3,63.6,2,36,63.4,60.6
236,Algorithms,4.8,5.8,74.3,63.6,2,36,91.9,62.2
237,Python Programming,3.3,6.6,75.8,74.1,6,22,57.4,55.8
237,DBMS,1.7,6.6,75.8,74.1,6,22,60.2,55.9
237,Data Analytics,7.8,6.6,75.8,74.1,6,22,93.4,83.1
237,Operating Systems,7.1,6.6,75.8,74.1,6,22,73.0,70.1
237,Algorithms,5.4,6.6,75.8,74.1,6,22,65.1,72.6
238,Python Programming,7.4,6.8,96.2,60.7,7,22,73.6,77.4
238,DBMS,4.8,6.8,96.2,60.7,7,22,53.7,68.3
238,Data Analytics,4.9,6.8,96.2,60.7,7,22,68.3,67.0
238,Operating Systems,1.7,6.8,96.2,60.7,7,22,40.9,49.4
238,Algorithms,5.2,6.8,96.2,60.7,7,22,44.4,63.6
239,Python Programming,3.8,7.3,84.6,78.3,5,13,88.4,66.9
239,DBMS,5.5,7.3,84.6,78.3,5,13,89.5,72.7
239,Data Analytics,3.2,7.3,84.6,78.3,5,13,51.1,58.7
239,Operating Systems,7.4,7.3,84.6,78.3,5,13,81.8,74.5
239,Algorithms,2.3,7.3,84.6,78.3,5,13,81.6,70.4
240,Python Programming,6.9,6.8,64.6,50.7,3,31,51.3,56.8
240,DBMS,7.7,6.8,64.6,50.7,3,31,58.8,60.5
240,Data Analytics,1.1,6.8,64.6,50.7,3,31,61.0,49.4
240,Operating Systems,3.1,6.8,64.6,50.7,3,31,42.1,31.0
240,Algorithms,5.4,6.8,64.6,50.7,3,31,74.2,62.6
241,Python Programming,2.9,5.0,77.7,58.5,6,42,58.3,60.3
241,DBMS,5.9,5.0,77.7,58.5,6,42,82.1,73.7
241,Data Analytics,1.4,5.0,77.7,58.5,6,42,61.3,53.8
241,Operating Systems,3.0,5.0,77.7,58.5,6,42,56.7,59.0
241,Algorithms,4.0,5.0,77.7,58.5,6,42,87.8,64.3
242,Python Programming,3.0,5.4,73.2,70.5,2,19,90.8,73.6
242,DBMS,2.6,5.4,73.2,70.5,2,19,55.9,54.6
242,Data Analytics,1.8,5.4,73.2,70.5,2,19,92.5,51.9
242,Operating Systems,7.1,5.4,73.2,70.5,2,19,71.7,71.9
242,Algorithms,1.5,5.4,73.2,70.5,2,19,55.5,40.9
243,Python Programming,4.6,7.8,64.6,91.1,2,35,81.3,74.4
243,DBMS,3.2,7.8,64.6,91.1,2,35,68.3,58.8
243,Data Analytics,3.5,7.8,64.6,91.1,2,35,69.5,66.4
243,Operating Systems,6.0,7.8,64.6,91.1,2,35,64.4,65.6
243,Algorithms,4.3,7.8,64.6,91.1,2,35,81.6,68.9
244,Python Programming,3.9,7.6,87.9,63.5,3,25,88.3,67.7
244,DBMS,2.4,7.6,87.9,63.5,3,25,85.5,59.1
244,Data Analytics,7.8,7.6,87.9,63.5,3,25,68.2,72.9
244,Operating Systems,3.0,7.6,87.9,63.5,3,25,65.8,55.1
244,Algorithms,2.3,7.6,87.9,63.5,3,25,47.1,52.6
245,Python Programming,3.4,5.9,89.9,72.1,6,6,94.3,68.5
245,DBMS,4.4,5.9,89.9,72.1,6,6,49.9,58.9
245,Data Analytics,6.0,5.9,89.9,72.1,6,6,94.1,84.5
245,Operating Systems,1.4,5.9,89.9,72.1,6,6,45.3,43.9
245,Algorithms,2.3,5.9,89.9,72.1,6,6,42.2,55.3
246,Python Programming,6.5,5.3,79.0,73.9,6,23,40.6,64.3
246,DBMS,6.3,5.3,79.0,73.9,6,23,89.1,83.5
246,Data Analytics,4.3,5.3,79.0,73.9,6,23,61.4,49.3
246,Operating Systems,7.2,5.3,79.0,73.9,6,23,89.2,85.3
246,Algorithms,7.5,5.3,79.0,73.9,6,23,92.9,74.2
247,Python Programming,5.1,7.9,49.9,70.3,7,25,55.5,66.1
247,DBMS,3.0,7.9,49.9,70.3,7,25,62.3,55.7
247,Data Analytics,2.1,7.9,49.9,70.3,7,25,64.2,58.3
247,Operating Systems,4.6,7.9,49.9,70.3,7,25,54.2,58.7
247,Algorithms,3.1,7.9,49.9,70.3,7,25,93.2,69.5
248,Python Programming,7.6,7.6,78.4,92.1,6,6,77.4,80.1
248,DBMS,5.0,7.6,78.4,92.1,6,6,73.6,74.0
248,Data Analytics,5.8,7.6,78.4,92.1,6,6,81.2,76.8
248,Operating Systems,2.5,7.6,78.4,92.1,6,6,87.7,70.9
248,Algorithms,1.7,7.6,78.4,92.1,6,6,56.2,57.2
249,Python Programming,1.1,6.0,82.7,94.3,3,39,89.3,58.5
249,DBMS,1.2,6.0,82.7,94.3,3,39,53.2,48.9
249,Data Analytics,4.6,6.0,82.7,94.3,3,39,83.8,69.2
249,Operating Systems,3.4,6.0,82.7,94.3,3,39,78.8,67.7
249,Algorithms,2.7,6.0,82.7,94.3,3,39,47.9,48.1
250,Python Programming,5.9,6.3,75.3,82.4,7,31,76.0,74.8
250,DBMS,7.1,6.3,75.3,82.4,7,31,53.4,74.7
250,Data Analytics,5.6,6.3,75.3,82.4,7,31,61.4,68.7
250,Operating Systems,1.9,6.3,75.3,82.4,7,31,54.4,63.8
250,Algorithms,1.9,6.3,75.3,82.4,7,31,73.0,65.1
251,Python Programming,5.8,10.0,88.0,46.7,7,18,55.0,66.0
251,DBMS,6.2,10.0,88.0,46.7,7,18,42.8,65.2
251,Data Analytics,3.5,10.0,88.0,46.7,7,18,57.4,60.3
251,Operating Systems,4.4,10.0,88.0,46.7,7,18,57.6,62.7
251,Algorithms,7.8,10.0,88.0,46.7,7,18,62.6,72.8
252,Python Programming,6.9,4.7,100.0,68.3,3,35,60.9,71.6
252,DBMS,4.5,4.7,100.0,68.3,3,35,40.4,52.1
252,Data Analytics,2.9,4.7,100.0,68.3,3,35,61.7,53.1
252,Operating Systems,5.8,4.7,100.0,68.3,3,35,84.8,61.3
252,Algorithms,7.6,4.7,100.0,68.3,3,35,77.2,68.9
253,Python Programming,6.0,6.9,64.8,59.2,6,43,54.9,63.5
253,DBMS,6.3,6.9,64.8,59.2,6,43,79.7,72.5
253,Data Analytics,2.0,6.9,64.8,59.2,6,43,87.6,61.1
253,Operating Systems,7.1,6.9,64.8,59.2,6,43,63.0,59.9
253,Algorithms,6.0,6.9,64.8,59.2,6,43,59.7,62.0
254,Python Programming,5.5,4.5,75.2,76.5,6,31,50.1,60.4
254,DBMS,2.6,4.5,75.2,76.5,6,31,75.0,56.8
254,Data Analytics,7.1,4.5,75.2,76.5,6,31,64.4,67.0
254,Operating Systems,2.0,4.5,75.2,76.5,6,31,87.4,68.1
254,Algorithms,4.2,4.5,75.2,76.5,6,31,61.8,72.5
255,Python Programming,6.1,4.3,98.1,44.0,4,15,49.6,53.9
255,DBMS,4.8,4.3,98.1,44.0,4,15,79.3,59.8
255,Data Analytics,4.1,4.3,98.1,44.0,4,15,56.3,51.6
255,Operating Systems,7.5,4.3,98.1,44.0,4,15,46.9,56.5
255,Algorithms,4.1,4.3,98.1,44.0,4,15,70.5,57.6
256,Python Programming,3.1,4.2,75.9,66.0,7,10,89.5,67.6
256,DBMS,5.4,4.2,75.9,66.0,7,10,64.1,64.0
256,Data Analytics,6.4,4.2,75.9,66.0,7,10,54.6,60.8
256,Operating Systems,6.6,4.2,75.9,66.0,7,10,53.8,64.0
256,Algorithms,3.1,4.2,75.9,66.0,7,10,54.6,59.4
257,Python Programming,5.5,6.7,77.2,39.4,7,9,87.7,82.6
257,DBMS,6.8,6.7,77.2,39.4,7,9,74.4,69.6
257,Data Analytics,3.7,6.7,77.2,39.4,7,9,91.9,65.4
257,Operating Systems,5.3,6.7,77.2,39.4,7,9,85.9,68.0
257,Algorithms,6.2,6.7,77.2,39.4,7,9,55.1,64.8
258,Python Programming,7.5,8.8,66.0,96.9,5,33,41.4,69.0
258,DBMS,5.9,8.8,66.0,96.9,5,33,79.9,81.0
258,Data Analytics,5.5,8.8,66.0,96.9,5,33,47.1,71.2
258,Operating Systems,5.6,8.8,66.0,96.9,5,33,94.0,82.0
258,Algorithms,1.3,8.8,66.0,96.9,5,33,59.9,62.0
259,Python Programming,7.5,8.3,85.4,73.4,3,42,75.3,73.2
259,DBMS,3.2,8.3,85.4,73.4,3,42,68.9,59.5
259,Data Analytics,3.5,8.3,85.4,73.4,3,42,77.5,54.1
259,Operating Systems,5.6,8.3,85.4,73.4,3,42,79.3,67.6
259,Algorithms,1.9,8.3,85.4,73.4,3,42,76.1,54.2
260,Python Programming,5.7,6.3,81.0,74.9,5,6,85.2,76.0
260,DBMS,2.7,6.3,81.0,74.9,5,6,63.2,59.0
260,Data Analytics,2.3,6.3,81.0,74.9,5,6,45.6,42.2
260,Operating Systems,7.4,6.3,81.0,74.9,5,6,85.1,78.2
260,Algorithms,3.4,6.3,81.0,74.9,5,6,70.1,67.9
261,Python Programming,1.4,6.5,82.0,84.6,6,41,72.3,62.2
261,DBMS,6.9,6.5,82.0,84.6,6,41,41.0,66.2
261,Data Analytics,6.7,6.5,82.0,84.6,6,41,58.0,68.1
261,Operating Systems,3.4,6.5,82.0,84.6,6,41,72.8,70.1
261,Algorithms,5.1,6.5,82.0,84.6,6,41,80.8,81.2
262,Python Programming,5.7,7.9,69.4,89.8,5,6,87.2,73.0
262,DBMS,7.7,7.9,69.4,89.8,5,6,74.6,81.7
262,Data Analytics,5.3,7.9,69.4,89.8,5,6,83.0,82.2
262,Operating Systems,5.9,7.9,69.4,89.8,5,6,85.9,76.3
262,Algorithms,5.5,7.9,69.4,89.8,5,6,57.3,71.2
263,Python Programming,4.4,7.4,68.1,64.5,7,30,40.8,60.0
263,DBMS,7.4,7.4,68.1,64.5,7,30,93.7,80.8
263,Data Analytics,6.3,7.4,68.1,64.5,7,30,53.9,63.7
263,Operating Systems,7.3,7.4,68.1,64.5,7,30,71.6,81.2
263,Algorithms,4.5,7.4,68.1,64.5,7,30,90.1,71.9
264,Python Programming,7.6,8.9,78.4,82.5,5,41,51.3,71.3
264,DBMS,5.3,8.9,78.4,82.5,5,41,52.3,75.8
264,Data Analytics,2.3,8.9,78.4,82.5,5,41,68.6,65.3
264,Operating Systems,4.3,8.9,78.4,82.5,5,41,43.9,57.6
264,Algorithms,5.0,8.9,78.4,82.5,5,41,68.3,76.1
265,Python Programming,1.7,7.0,70.2,80.2,4,41,49.2,44.5
265,DBMS,7.5,7.0,70.2,80.2,4,41,85.2,85.7
265,Data Analytics,4.8,7.0,70.2,80.2,4,41,77.2,61.7
265,Operating Systems,5.8,7.0,70.2,80.2,4,41,74.6,75.0
265,Algorithms,5.0,7.0,70.2,80.2,4,41,85.8,71.1
266,Python Programming,2.9,8.8,90.9,59.0,4,24,52.3,58.8
266,DBMS,7.0,8.8,90.9,59.0,4,24,84.9,75.8
266,Data Analytics,2.5,8.8,90.9,59.0,4,24,44.3,36.5
266,Operating Systems,5.0,8.8,90.9,59.0,4,24,45.4,62.5
266,Algorithms,7.7,8.8,90.9,59.0,4,24,53.2,69.5
267,Python Programming,3.4,10.0,75.2,81.2,3,18,57.4,59.3
267,DBMS,6.5,10.0,75.2,81.2,3,18,77.4,74.8
267,Data Analytics,1.7,10.0,75.2,81.2,3,18,89.4,57.3
267,Operating Systems,7.5,10.0,75.2,81.2,3,18,93.9,84.7
267,Algorithms,1.3,10.0,75.2,81.2,3,18,71.9,60.2
268,Python Programming,7.8,5.9,78.5,96.8,2,9,93.0,76.2
268,DBMS,2.1,5.9,78.5,96.8,2,9,56.5,44.8
268,Data Analytics,6.7,5.9,78.5,96.8,2,9,60.8,59.1
268,Operating Systems,1.6,5.9,78.5,96.8,2,9,58.8,45.7
268,Algorithms,3.9,5.9,78.5,96.8,2,9,49.2,49.6
269,Python Programming,2.7,6.7,76.6,93.9,2,6,56.8,53.2
269,DBMS,4.4,6.7,76.6,93.9,2,6,43.5,50.1
269,Data Analytics,3.5,6.7,76.6,93.9,2,6,81.4,60.0
269,Operating Systems,4.5,6.7,76.6,93.9,2,6,47.0,42.3
269,Algorithms,1.2,6.7,76.6,93.9,2,6,74.9,54.2
270,Python Programming,5.2,8.4,76.1,88.9,5,40,74.7,74.9
270,DBMS,3.9,8.4,76.1,88.9,5,40,47.9,58.7
270,Data Analytics,2.5,8.4,76.1,88.9,5,40,80.5,70.1
270,Operating Systems,3.2,8.4,76.1,88.9,5,40,67.8,72.5
270,Algorithms,2.0,8.4,76.1,88.9,5,40,40.5,49.6
271,Python Programming,4.0,6.5,80.6,53.7,7,33,79.5,67.8
271,DBMS,4.1,6.5,80.6,53.7,7,33,80.3,71.2
271,Data Analytics,5.1,6.5,80.6,53.7,7,33,51.6,57.9
271,Operating Systems,2.7,6.5,80.6,53.7,7,33,74.5,60.1
271,Algorithms,2.8,6.5,80.6,53.7,7,33,87.7,72.5
272,Python Programming,3.5,9.9,74.0,70.7,4,30,94.8,74.2
272,DBMS,4.4,9.9,74.0,70.7,4,30,66.7,70.5
272,Data Analytics,6.6,9.9,74.0,70.7,4,30,64.8,73.0
272,Operating Systems,6.0,9.9,74.0,70.7,4,30,72.2,66.2
272,Algorithms,4.2,9.9,74.0,70.7,4,30,53.5,61.0
273,Python Programming,4.8,7.9,77.5,86.2,7,18,47.1,64.9
273,DBMS,3.6,7.9,77.5,86.2,7,18,45.5,56.3
273,Data Analytics,6.4,7.9,77.5,86.2,7,18,52.1,82.1
273,Operating Systems,2.2,7.9,77.5,86.2,7,18,62.3,63.5
273,Algorithms,3.9,7.9,77.5,86.2,7,18,68.4,71.7
274,Python Programming,2.2,8.4,67.7,66.7,2,13,75.6,65.0
274,DBMS,2.7,8.4,67.7,66.7,2,13,79.5,62.8
274,Data Analytics,5.3,8.4,67.7,66.7,2,13,89.1,76.0
274,Operating Systems,1.6,8.4,67.7,66.7,2,13,58.2,56.0
274,Algorithms,5.8,8.4,67.7,66.7,2,13,51.7,55.4
275,Python Programming,3.4,5.6,72.0,63.0,5,36,58.6,52.9
275,DBMS,1.0,5.6,72.0,63.0,5,36,77.4,52.1
275,Data Analytics,2.1,5.6,72.0,63.0,5,36,83.5,60.4
275,Operating Systems,5.3,5.6,72.0,63.0,5,36,42.5,46.8
275,Algorithms,3.6,5.6,72.0,63.0,5,36,82.3,67.9
276,Python Programming,1.6,8.9,76.0,76.0,3,40,77.0,53.9
276,DBMS,5.8,8.9,76.0,76.0,3,40,58.8,68.8
276,Data Analytics,2.5,8.9,76.0,76.0,3,40,69.8,57.0
276,Operating Systems,7.8,8.9,76.0,76.0,3,40,48.1,58.1
276,Algorithms,7.8,8.9,76.0,76.0,3,40,55.0,75.9
277,Python Programming,1.3,6.9,82.3,75.6,5,39,73.0,56.5
277,DBMS,3.4,6.9,82.3,75.6,5,39,92.4,72.4
277,Data Analytics,6.7,6.9,82.3,75.6,5,39,76.7,78.1
277,Operating Systems,1.9,6.9,82.3,75.6,5,39,82.1,59.7
277,Algorithms,6.7,6.9,82.3,75.6,5,39,69.5,67.6
278,Python Programming,1.5,7.7,76.4,78.5,2,34,74.5,52.1
278,DBMS,2.8,7.7,76.4,78.5,2,34,84.2,47.3
278,Data Analytics,6.3,7.7,76.4,78.5,2,34,47.3,61.0
278,Operating Systems,4.8,7.7,76.4,78.5,2,34,70.0,63.0
278,Algorithms,7.0,7.7,76.4,78.5,2,34,87.1,72.3
279,Python Programming,6.5,6.4,85.8,81.6,2,36,52.9,63.1
279,DBMS,5.5,6.4,85.8,81.6,2,36,53.0,62.9
279,Data Analytics,1.9,6.4,85.8,81.6,2,36,87.7,62.8
279,Operating Systems,5.2,6.4,85.8,81.6,2,36,47.0,50.6
279,Algorithms,5.9,6.4,85.8,81.6,2,36,81.7,69.5
280,Python Programming,3.5,5.5,80.2,73.3,2,21,69.1,49.1
280,DBMS,5.1,5.5,80.2,73.3,2,21,83.8,71.4
280,Data Analytics,3.4,5.5,80.2,73.3,2,21,43.0,43.7
280,Operating Systems,4.9,5.5,80.2,73.3,2,21,72.3,62.0
280,Algorithms,7.4,5.5,80.2,73.3,2,21,90.0,76.3
281,Python Programming,1.7,10.0,86.3,71.0,2,25,82.8,60.4
281,DBMS,2.2,10.0,86.3,71.0,2,25,64.6,60.8
281,Data Analytics,7.1,10.0,86.3,71.0,2,25,56.0,64.1
281,Operating Systems,1.6,10.0,86.3,71.0,2,25,56.4,46.8
281,Algorithms,2.9,10.0,86.3,71.0,2,25,50.1,60.5
282,Python Programming,3.9,7.0,62.1,84.9,2,42,82.7,59.4
282,DBMS,3.4,7.0,62.1,84.9,2,42,71.0,61.8
282,Data Analytics,1.4,7.0,62.1,84.9,2,42,86.9,54.0
282,Operating Systems,2.4,7.0,62.1,84.9,2,42,88.1,68.0
282,Algorithms,3.2,7.0,62.1,84.9,2,42,89.8,60.1
283,Python Programming,1.9,6.7,78.4,85.2,5,22,90.3,65.5
283,DBMS,4.5,6.7,78.4,85.2,5,22,64.9,58.3
283,Data Analytics,1.8,6.7,78.4,85.2,5,22,61.1,56.7
283,Operating Systems,6.9,6.7,78.4,85.2,5,22,87.6,88.2
283,Algorithms,1.8,6.7,78.4,85.2,5,22,72.3,63.3
284,Python Programming,5.3,7.9,69.3,62.9,6,6,75.1,70.8
284,DBMS,5.9,7.9,69.3,62.9,6,6,46.2,62.6
284,Data Analytics,4.3,7.9,69.3,62.9,6,6,94.0,79.9
284,Operating Systems,6.2,7.9,69.3,62.9,6,6,46.5,61.3
284,Algorithms,1.2,7.9,69.3,62.9,6,6,62.2,54.7
285,Python Programming,6.2,7.8,70.3,100.0,7,29,79.8,82.0
285,DBMS,2.0,7.8,70.3,100.0,7,29,86.0,68.9
285,Data Analytics,2.7,7.8,70.3,100.0,7,29,60.5,60.3
285,Operating Systems,2.8,7.8,70.3,100.0,7,29,66.9,68.0
285,Algorithms,1.4,7.8,70.3,100.0,7,29,47.8,55.9
286,Python Programming,1.1,6.2,81.5,75.7,2,26,88.5,63.4
286,DBMS,5.0,6.2,81.5,75.7,2,26,58.2,58.5
286,Data Analytics,4.5,6.2,81.5,75.7,2,26,46.1,61.4
286,Operating Systems,3.7,6.2,81.5,75.7,2,26,53.3,51.5
286,Algorithms,1.6,6.2,81.5,75.7,2,26,45.6,41.7
287,Python Programming,6.5,8.5,80.5,62.7,3,22,77.5,66.2
287,DBMS,7.2,8.5,80.5,62.7,3,22,78.1,73.1
287,Data Analytics,4.6,8.5,80.5,62.7,3,22,71.1,61.8
287,Operating Systems,1.1,8.5,80.5,62.7,3,22,82.9,52.1
287,Algorithms,6.7,8.5,80.5,62.7,3,22,60.9,58.4
288,Python Programming,3.7,4.0,80.5,76.7,7,35,93.5,75.2
288,DBMS,2.1,4.0,80.5,76.7,7,35,59.5,45.0
288,Data Analytics,5.7,4.0,80.5,76.7,7,35,51.9,55.5
288,Operating Systems,2.5,4.0,80.5,76.7,7,35,80.1,49.3
288,Algorithms,2.2,4.0,80.5,76.7,7,35,50.3,51.3
289,Python Programming,5.3,7.2,89.6,74.2,4,23,76.5,69.3
289,DBMS,6.9,7.2,89.6,74.2,4,23,51.9,66.8
289,Data Analytics,7.9,7.2,89.6,74.2,4,23,45.4,73.6
289,Operating Systems,3.1,7.2,89.6,74.2,4,23,75.1,66.4
289,Algorithms,1.5,7.2,89.6,74.2,4,23,70.2,55.9
290,Python Programming,2.4,8.6,97.5,96.0,6,10,85.5,82.1
290,DBMS,4.9,8.6,97.5,96.0,6,10,81.9,75.8
290,Data Analytics,5.0,8.6,97.5,96.0,6,10,87.7,86.0
290,Operating Systems,4.0,8.6,97.5,96.0,6,10,93.2,75.9
290,Algorithms,3.7,8.6,97.5,96.0,6,10,92.3,79.6
291,Python Programming,3.6,6.4,88.0,90.2,2,28,41.0,45.0
291,DBMS,5.9,6.4,88.0,90.2,2,28,41.2,52.7
291,Data Analytics,5.0,6.4,88.0,90.2,2,28,67.7,66.7
291,Operating Systems,1.1,6.4,88.0,90.2,2,28,60.0,55.7
291,Algorithms,7.2,6.4,88.0,90.2,2,28,66.6,72.4
292,Python Programming,3.2,8.7,70.8,77.2,2,25,44.6,52.3
292,DBMS,5.8,8.7,70.8,77.2,2,25,78.9,67.5
292,Data Analytics,4.0,8.7,70.8,77.2,2,25,64.3,59.2
292,Operating Systems,5.7,8.7,70.8,77.2,2,25,57.3,66.8
292,Algorithms,2.7,8.7,70.8,77.2,2,25,93.8,68.6
293,Python Programming,3.9,5.9,65.4,87.1,6,44,81.9,64.6
293,DBMS,7.3,5.9,65.4,87.1,6,44,76.6,78.8
293,Data Analytics,5.4,5.9,65.4,87.1,6,44,84.3,70.7
293,Operating Systems,6.8,5.9,65.4,87.1,6,44,87.8,88.1
293,Algorithms,2.9,5.9,65.4,87.1,6,44,95.0,66.8
294,Python Programming,7.6,6.2,84.2,75.6,7,38,77.0,82.8
294,DBMS,1.5,6.2,84.2,75.6,7,38,65.6,57.1
294,Data Analytics,4.2,6.2,84.2,75.6,7,38,72.0,60.4
294,Operating Systems,3.5,6.2,84.2,75.6,7,38,49.0,64.7
294,Algorithms,5.6,6.2,84.2,75.6,7,38,58.6,68.0
295,Python Programming,5.8,7.8,87.3,78.5,3,32,75.5,76.0
295,DBMS,7.2,7.8,87.3,78.5,3,32,80.3,78.7
295,Data Analytics,2.9,7.8,87.3,78.5,3,32,85.8,66.5
295,Operating Systems,4.0,7.8,87.3,78.5,3,32,75.7,70.3
295,Algorithms,2.0,7.8,87.3,78.5,3,32,64.4,63.1
296,Python Programming,5.1,7.3,91.6,81.4,5,33,92.8,82.8
296,DBMS,5.6,7.3,91.6,81.4,5,33,68.7,71.4
296,Data Analytics,3.1,7.3,91.6,81.4,5,33,81.1,66.7
296,Operating Systems,2.5,7.3,91.6,81.4,5,33,51.3,55.0
296,Algorithms,3.2,7.3,91.6,81.4,5,33,88.7,70.4
297,Python Programming,3.4,8.3,87.4,74.7,7,39,72.3,70.8
297,DBMS,1.7,8.3,87.4,74.7,7,39,80.2,73.6
297,Data Analytics,4.5,8.3,87.4,74.7,7,39,49.9,62.3
297,Operating Systems,6.1,8.3,87.4,74.7,7,39,53.9,67.0
297,Algorithms,5.3,8.3,87.4,74.7,7,39,76.6,76.5
298,Python Programming,6.1,6.8,84.8,49.0,6,12,41.8,60.1
298,DBMS,5.2,6.8,84.8,49.0,6,12,69.7,66.0
298,Data Analytics,1.4,6.8,84.8,49.0,6,12,70.3,57.4
298,Operating Systems,6.9,6.8,84.8,49.0,6,12,94.8,70.8
298,Algorithms,7.3,6.8,84.8,49.0,6,12,50.5,62.1
299,Python Programming,4.4,9.6,66.1,85.6,7,14,78.6,77.7
299,DBMS,7.0,9.6,66.1,85.6,7,14,59.6,72.7
299,Data Analytics,4.1,9.6,66.1,85.6,7,14,83.8,80.5
299,Operating Systems,4.8,9.6,66.1,85.6,7,14,75.7,79.5
299,Algorithms,4.8,9.6,66.1,85.6,7,14,81.2,84.9
300,Python Programming,4.4,9.1,88.0,74.4,6,22,86.0,69.9
300,DBMS,2.1,9.1,88.0,74.4,6,22,55.2,60.1
300,Data Analytics,2.7,9.1,88.0,74.4,6,22,61.4,61.4
300,Operating Systems,4.1,9.1,88.0,74.4,6,22,89.0,71.6
300,Algorithms,4.7,9.1,88.0,74.4,6,22,93.0,78.9
301,Python Programming,6.4,7.1,81.9,76.4,4,8,90.3,76.7
301,DBMS,7.0,7.1,81.9,76.4,4,8,77.6,77.4
301,Data Analytics,4.6,7.1,81.9,76.4,4,8,52.8,61.8
301,Operating Systems,6.9,7.1,81.9,76.4,4,8,80.0,72.5
301,Algorithms,6.5,7.1,81.9,76.4,4,8,50.3,61.0
302,Python Programming,1.1,6.4,90.3,68.7,3,10,44.1,41.7
302,DBMS,2.8,6.4,90.3,68.7,3,10,76.8,59.2
302,Data Analytics,5.2,6.4,90.3,68.7,3,10,50.4,62.6
302,Operating Systems,6.6,6.4,90.3,68.7,3,10,93.2,76.6
302,Algorithms,1.6,6.4,90.3,68.7,3,10,70.8,45.2
303,Python Programming,5.1,7.0,68.3,62.8,5,41,40.5,60.3
303,DBMS,6.3,7.0,68.3,62.8,5,41,79.2,69.4
303,Data Analytics,6.3,7.0,68.3,62.8,5,41,92.5,75.8
303,Operating Systems,2.7,7.0,68.3,62.8,5,41,57.8,55.1
303,Algorithms,2.1,7.0,68.3,62.8,5,41,59.6,46.1
304,Python Programming,1.0,9.7,85.5,93.4,6,43,44.3,51.7
304,DBMS,7.2,9.7,85.5,93.4,6,43,44.3,76.5
304,Data Analytics,2.9,9.7,85.5,93.4,6,43,60.4,68.1
304,Operating Systems,5.0,9.7,85.5,93.4,6,43,88.5,84.4
304,Algorithms,3.9,9.7,85.5,93.4,6,43,65.9,68.8
305,Python Programming,3.7,9.2,77.7,90.4,4,34,90.0,73.0
305,DBMS,1.2,9.2,77.7,90.4,4,34,82.3,63.9
305,Data Analytics,4.9,9.2,77.7,90.4,4,34,91.9,83.5
305,Operating Systems,2.5,9.2,77.7,90.4,4,34,68.6,55.1
305,Algorithms,6.7,9.2,77.7,90.4,4,34,89.5,82.6
306,Python Programming,5.7,7.9,73.7,63.4,4,10,69.2,71.1
306,DBMS,5.6,7.9,73.7,63.4,4,10,72.5,61.2
306,Data Analytics,3.1,7.9,73.7,63.4,4,10,68.8,57.3
306,Operating Systems,5.6,7.9,73.7,63.4,4,10,82.9,69.7
306,Algorithms,3.4,7.9,73.7,63.4,4,10,80.9,63.3
307,Python Programming,5.1,6.6,92.9,73.9,2,35,44.7,51.5
307,DBMS,4.1,6.6,92.9,73.9,2,35,81.6,65.0
307,Data Analytics,7.3,6.6,92.9,73.9,2,35,54.7,72.6
307,Operating Systems,3.9,6.6,92.9,73.9,2,35,89.4,68.8
307,Algorithms,7.0,6.6,92.9,73.9,2,35,44.9,64.3
308,Python Programming,2.0,8.2,76.0,68.0,3,30,43.6,39.5
308,DBMS,6.1,8.2,76.0,68.0,3,30,70.8,74.4
308,Data Analytics,3.7,8.2,76.0,68.0,3,30,83.8,63.5
308,Operating Systems,3.1,8.2,76.0,68.0,3,30,44.0,49.5
308,Algorithms,6.5,8.2,76.0,68.0,3,30,55.4,67.8
309,Python Programming,7.1,7.5,88.7,80.4,4,28,42.4,70.2
309,DBMS,2.8,7.5,88.7,80.4,4,28,88.2,82.7
309,Data Analytics,3.8,7.5,88.7,80.4,4,28,56.4,68.5
309,Operating Systems,5.8,7.5,88.7,80.4,4,28,51.4,67.5
309,Algorithms,3.9,7.5,88.7,80.4,4,28,55.6,63.2
310,Python Programming,3.1,4.3,78.5,56.7,3,6,41.4,43.9
310,DBMS,1.0,4.3,78.5,56.7,3,6,52.5,40.1
310,Data Analytics,6.6,4.3,78.5,56.7,3,6,54.7,50.8
310,Operating Systems,2.7,4.3,78.5,56.7,3,6,52.5,39.6
310,Algorithms,4.1,4.3,78.5,56.7,3,6,52.0,33.1
311,Python Programming,6.8,5.8,84.8,89.0,6,43,63.5,74.2
311,DBMS,5.2,5.8,84.8,89.0,6,43,44.9,58.6
311,Data Analytics,7.7,5.8,84.8,89.0,6,43,84.4,81.9
311,Operating Systems,4.2,5.8,84.8,89.0,6,43,52.3,60.5
311,Algorithms,2.1,5.8,84.8,89.0,6,43,71.0,64.4
312,Python Programming,1.5,7.3,90.8,83.3,6,13,94.6,71.9
312,DBMS,3.9,7.3,90.8,83.3,6,13,55.8,54.7
312,Data Analytics,1.6,7.3,90.8,83.3,6,13,40.1,54.1
312,Operating Systems,4.1,7.3,90.8,83.3,6,13,86.0,69.9
312,Algorithms,2.1,7.3,90.8,83.3,6,13,49.0,51.1
313,Python Programming,2.9,6.0,89.1,88.8,6,19,55.8,73.1
313,DBMS,4.6,6.0,89.1,88.8,6,19,84.4,75.2
313,Data Analytics,6.6,6.0,89.1,88.8,6,19,48.6,65.3
313,Operating Systems,1.1,6.0,89.1,88.8,6,19,57.2,49.3
313,Algorithms,4.0,6.0,89.1,88.8,6,19,70.4,69.1
314,Python Programming,3.9,8.0,64.6,81.1,5,38,58.3,63.0
314,DBMS,1.9,8.0,64.6,81.1,5,38,45.9,45.4
314,Data Analytics,2.8,8.0,64.6,81.1,5,38,94.9,75.1
314,Operating Systems,2.3,8.0,64.6,81.1,5,38,48.1,53.8
314,Algorithms,5.4,8.0,64.6,81.1,5,38,60.1,62.0
315,Python Programming,5.0,7.3,94.6,67.7,2,25,49.9,64.9
315,DBMS,1.7,7.3,94.6,67.7,2,25,43.0,49.9
315,Data Analytics,4.6,7.3,94.6,67.7,2,25,43.0,56.2
315,Operating Systems,4.7,7.3,94.6,67.7,2,25,91.5,76.9
315,Algorithms,6.6,7.3,94.6,67.7,2,25,91.3,78.2
316,Python Programming,5.7,8.2,87.5,67.1,3,20,62.3,68.3
316,DBMS,7.5,8.2,87.5,67.1,3,20,44.9,69.1
316,Data Analytics,7.3,8.2,87.5,67.1,3,20,48.6,65.7
316,Operating Systems,3.6,8.2,87.5,67.1,3,20,74.1,56.8
316,Algorithms,5.2,8.2,87.5,67.1,3,20,43.9,46.7
317,Python Programming,2.9,7.2,81.0,75.3,2,20,90.0,59.5
317,DBMS,5.4,7.2,81.0,75.3,2,20,44.0,56.1
317,Data Analytics,3.1,7.2,81.0,75.3,2,20,61.6,51.0
317,Operating Systems,2.3,7.2,81.0,75.3,2,20,71.8,56.3
317,Algorithms,1.6,7.2,81.0,75.3,2,20,74.1,57.9
318,Python Programming,5.9,6.4,89.1,55.0,2,44,41.6,52.5
318,DBMS,1.1,6.4,89.1,55.0,2,44,44.1,45.3
318,Data Analytics,1.0,6.4,89.1,55.0,2,44,91.5,56.4
318,Operating Systems,1.7,6.4,89.1,55.0,2,44,86.3,66.7
318,Algorithms,4.6,6.4,89.1,55.0,2,44,66.2,56.6
319,Python Programming,7.0,8.0,85.0,53.1,2,23,74.6,67.5
319,DBMS,6.3,8.0,85.0,53.1,2,23,82.1,63.4
319,Data Analytics,6.6,8.0,85.0,53.1,2,23,60.7,59.3
319,Operating Systems,7.3,8.0,85.0,53.1,2,23,43.8,53.5
319,Algorithms,6.3,8.0,85.0,53.1,2,23,77.0,75.9
320,Python Programming,4.8,7.1,70.7,79.8,7,8,76.1,65.2
320,DBMS,3.7,7.1,70.7,79.8,7,8,55.5,65.2
320,Data Analytics,5.6,7.1,70.7,79.8,7,8,68.1,74.0
320,Operating Systems,2.1,7.1,70.7,79.8,7,8,42.9,49.4
320,Algorithms,5.0,7.1,70.7,79.8,7,8,61.1,67.2
321,Python Programming,1.5,8.6,72.0,80.8,2,24,56.0,54.4
321,DBMS,7.2,8.6,72.0,80.8,2,24,48.1,61.3
321,Data Analytics,7.4,8.6,72.0,80.8,2,24,45.1,68.0
321,Operating Systems,4.3,8.6,72.0,80.8,2,24,88.8,64.7
321,Algorithms,3.0,8.6,72.0,80.8,2,24,60.6,65.4
322,Python Programming,1.9,7.1,59.9,77.0,7,32,86.3,67.8
322,DBMS,3.5,7.1,59.9,77.0,7,32,76.3,59.9
322,Data Analytics,5.2,7.1,59.9,77.0,7,32,43.3,59.8
322,Operating Systems,3.9,7.1,59.9,77.0,7,32,70.1,73.9
322,Algorithms,6.8,7.1,59.9,77.0,7,32,82.4,77.0
323,Python Programming,4.0,7.1,87.4,70.2,7,9,65.9,56.4
323,DBMS,2.1,7.1,87.4,70.2,7,9,41.7,51.2
323,Data Analytics,7.5,7.1,87.4,70.2,7,9,71.9,78.4
323,Operating Systems,5.7,7.1,87.4,70.2,7,9,90.1,86.0
323,Algorithms,1.3,7.1,87.4,70.2,7,9,50.3,45.3
324,Python Programming,1.7,7.9,85.0,51.3,2,41,77.2,48.4
324,DBMS,2.7,7.9,85.0,51.3,2,41,40.9,46.3
324,Data Analytics,6.0,7.9,85.0,51.3,2,41,41.2,48.8
324,Operating Systems,1.3,7.9,85.0,51.3,2,41,89.6,61.1
324,Algorithms,3.2,7.9,85.0,51.3,2,41,87.2,58.0
325,Python Programming,2.1,9.4,72.1,85.9,4,28,76.7,71.6
325,DBMS,3.0,9.4,72.1,85.9,4,28,72.2,58.8
325,Data Analytics,6.9,9.4,72.1,85.9,4,28,54.6,81.7
325,Operating Systems,4.1,9.4,72.1,85.9,4,28,69.6,73.5
325,Algorithms,3.8,9.4,72.1,85.9,4,28,75.5,72.3
326,Python Programming,6.8,5.9,94.5,69.1,2,12,56.6,64.5
326,DBMS,4.3,5.9,94.5,69.1,2,12,55.0,59.8
326,Data Analytics,4.2,5.9,94.5,69.1,2,12,70.6,59.5
326,Operating Systems,3.8,5.9,94.5,69.1,2,12,65.3,66.9
326,Algorithms,4.2,5.9,94.5,69.1,2,12,58.6,51.0
327,Python Programming,1.1,6.1,66.1,67.8,3,32,93.5,51.8
327,DBMS,2.6,6.1,66.1,67.8,3,32,84.3,59.7
327,Data Analytics,1.1,6.1,66.1,67.8,3,32,54.2,48.8
327,Operating Systems,3.8,6.1,66.1,67.8,3,32,65.3,59.0
327,Algorithms,3.0,6.1,66.1,67.8,3,32,42.1,57.7
328,Python Programming,5.1,7.3,79.9,66.3,5,14,86.0,72.5
328,DBMS,1.3,7.3,79.9,66.3,5,14,53.0,42.6
328,Data Analytics,1.5,7.3,79.9,66.3,5,14,41.6,49.9
328,Operating Systems,2.7,7.3,79.9,66.3,5,14,88.5,74.6
328,Algorithms,7.4,7.3,79.9,66.3,5,14,62.4,68.3
329,Python Programming,4.7,4.9,80.8,84.9,5,44,88.4,80.6
329,DBMS,3.9,4.9,80.8,84.9,5,44,66.5,60.8
329,Data Analytics,3.3,4.9,80.8,84.9,5,44,92.0,67.2
329,Operating Systems,3.0,4.9,80.8,84.9,5,44,65.3,53.9
329,Algorithms,4.4,4.9,80.8,84.9,5,44,80.6,70.5
330,Python Programming,7.5,8.4,83.3,80.3,2,38,79.6,75.0
330,DBMS,6.3,8.4,83.3,80.3,2,38,52.0,74.5
330,Data Analytics,6.4,8.4,83.3,80.3,2,38,45.7,57.2
330,Operating Systems,7.7,8.4,83.3,80.3,2,38,89.0,85.2
330,Algorithms,4.6,8.4,83.3,80.3,2,38,65.4,60.9
331,Python Programming,1.4,4.4,87.6,31.6,3,36,87.3,50.2
331,DBMS,4.2,4.4,87.6,31.6,3,36,54.4,46.7
331,Data Analytics,7.2,4.4,87.6,31.6,3,36,60.8,50.4
331,Operating Systems,6.2,4.4,87.6,31.6,3,36,45.3,51.3
331,Algorithms,6.4,4.4,87.6,31.6,3,36,51.6,52.8
332,Python Programming,2.6,7.0,64.1,68.9,5,8,90.7,61.3
332,DBMS,5.1,7.0,64.1,68.9,5,8,60.9,74.9
332,Data Analytics,4.9,7.0,64.1,68.9,5,8,66.8,64.1
332,Operating Systems,4.5,7.0,64.1,68.9,5,8,49.7,57.6
332,Algorithms,1.9,7.0,64.1,68.9,5,8,82.1,66.9
333,Python Programming,3.8,6.5,70.5,73.7,3,35,61.1,46.7
333,DBMS,6.6,6.5,70.5,73.7,3,35,65.1,63.2
333,Data Analytics,4.6,6.5,70.5,73.7,3,35,48.1,50.2
333,Operating Systems,5.3,6.5,70.5,73.7,3,35,71.1,65.6
333,Algorithms,7.4,6.5,70.5,73.7,3,35,92.0,78.4
334,Python Programming,4.9,6.4,74.6,77.2,6,22,44.0,64.4
334,DBMS,6.4,6.4,74.6,77.2,6,22,55.7,65.9
334,Data Analytics,2.0,6.4,74.6,77.2,6,22,78.3,66.3
334,Operating Systems,2.2,6.4,74.6,77.2,6,22,81.5,64.1
334,Algorithms,5.9,6.4,74.6,77.2,6,22,85.4,74.7
335,Python Programming,6.8,6.0,79.7,67.4,3,5,91.1,65.1
335,DBMS,5.4,6.0,79.7,67.4,3,5,61.7,52.0
335,Data Analytics,6.7,6.0,79.7,67.4,3,5,62.5,64.9
335,Operating Systems,3.3,6.0,79.7,67.4,3,5,81.0,45.8
335,Algorithms,7.3,6.0,79.7,67.4,3,5,46.9,46.3
336,Python Programming,1.4,9.8,71.9,83.7,6,42,45.8,61.8
336,DBMS,7.2,9.8,71.9,83.7,6,42,69.0,81.6
336,Data Analytics,7.5,9.8,71.9,83.7,6,42,92.2,90.5
336,Operating Systems,4.9,9.8,71.9,83.7,6,42,58.8,70.1
336,Algorithms,1.4,9.8,71.9,83.7,6,42,75.4,67.8
337,Python Programming,6.6,7.3,88.9,41.0,4,6,74.7,67.9
337,DBMS,3.1,7.3,88.9,41.0,4,6,60.5,50.8
337,Data Analytics,2.8,7.3,88.9,41.0,4,6,79.3,60.2
337,Operating Systems,4.4,7.3,88.9,41.0,4,6,62.1,56.9
337,Algorithms,6.4,7.3,88.9,41.0,4,6,54.5,55.4
338,Python Programming,2.6,7.5,80.8,84.4,3,26,73.4,60.6
338,DBMS,3.8,7.5,80.8,84.4,3,26,51.4,59.9
338,Data Analytics,5.6,7.5,80.8,84.4,3,26,53.0,66.7
338,Operating Systems,1.7,7.5,80.8,84.4,3,26,71.7,51.0
338,Algorithms,1.4,7.5,80.8,84.4,3,26,44.4,48.4
339,Python Programming,4.3,7.1,92.9,48.8,2,42,78.9,62.2
339,DBMS,7.6,7.1,92.9,48.8,2,42,58.1,64.3
339,Data Analytics,4.8,7.1,92.9,48.8,2,42,49.3,49.9
339,Operating Systems,6.3,7.1,92.9,48.8,2,42,94.2,75.0
339,Algorithms,4.2,7.1,92.9,48.8,2,42,69.7,61.7
340,Python Programming,2.3,8.8,79.3,76.9,7,15,89.5,71.8
340,DBMS,5.7,8.8,79.3,76.9,7,15,74.8,78.5
340,Data Analytics,1.8,8.8,79.3,76.9,7,15,44.3,50.8
340,Operating Systems,4.7,8.8,79.3,76.9,7,15,62.2,65.9
340,Algorithms,4.0,8.8,79.3,76.9,7,15,49.6,64.4
341,Python Programming,7.8,7.4,80.3,52.9,3,18,55.7,69.5
341,DBMS,4.0,7.4,80.3,52.9,3,18,75.7,52.3
341,Data Analytics,1.4,7.4,80.3,52.9,3,18,48.9,45.3
341,Operating Systems,7.3,7.4,80.3,52.9,3,18,77.7,75.0
341,Algorithms,3.8,7.4,80.3,52.9,3,18,60.0,63.8
342,Python Programming,4.0,5.3,86.6,67.0,3,43,64.6,55.8
342,DBMS,2.8,5.3,86.6,67.0,3,43,85.4,75.1
342,Data Analytics,3.1,5.3,86.6,67.0,3,43,50.0,44.0
342,Operating Systems,1.6,5.3,86.6,67.0,3,43,79.3,57.8
342,Algorithms,3.7,5.3,86.6,67.0,3,43,62.9,50.4
343,Python Programming,4.2,6.2,57.8,80.1,2,5,50.6,49.7
343,DBMS,2.5,6.2,57.8,80.1,2,5,41.3,37.3
343,Data Analytics,2.6,6.2,57.8,80.1,2,5,55.4,44.4
343,Operating Systems,1.9,6.2,57.8,80.1,2,5,75.2,41.3
343,Algorithms,6.0,6.2,57.8,80.1,2,5,70.7,65.0
344,Python Programming,5.7,5.1,87.8,76.8,4,39,67.3,65.1
344,DBMS,1.7,5.1,87.8,76.8,4,39,56.0,51.4
344,Data Analytics,1.3,5.1,87.8,76.8,4,39,89.6,65.6
344,Operating Systems,4.9,5.1,87.8,76.8,4,39,87.8,72.1
344,Algorithms,5.9,5.1,87.8,76.8,4,39,56.0,64.0
345,Python Programming,2.0,5.4,67.4,100.0,2,14,69.9,57.8
345,DBMS,1.1,5.4,67.4,100.0,2,14,45.2,43.1
345,Data Analytics,1.6,5.4,67.4,100.0,2,14,79.4,56.1
345,Operating Systems,2.7,5.4,67.4,100.0,2,14,88.3,65.0
345,Algorithms,2.2,5.4,67.4,100.0,2,14,54.9,53.6
346,Python Programming,3.8,5.0,84.8,69.0,2,12,67.8,57.9
346,DBMS,7.8,5.0,84.8,69.0,2,12,55.2,59.9
346,Data Analytics,5.8,5.0,84.8,69.0,2,12,53.9,60.0
346,Operating Systems,7.2,5.0,84.8,69.0,2,12,70.9,64.0
346,Algorithms,4.5,5.0,84.8,69.0,2,12,92.9,63.2
347,Python Programming,1.4,9.4,79.3,99.3,5,13,60.3,62.3
347,DBMS,4.5,9.4,79.3,99.3,5,13,70.8,69.4
347,Data Analytics,5.3,9.4,79.3,99.3,5,13,72.2,83.1
347,Operating Systems,4.8,9.4,79.3,99.3,5,13,75.2,74.3
347,Algorithms,1.8,9.4,79.3,99.3,5,13,52.4,58.1
348,Python Programming,3.8,7.0,92.4,66.0,6,41,50.6,64.6
348,DBMS,1.4,7.0,92.4,66.0,6,41,72.5,62.7
348,Data Analytics,5.9,7.0,92.4,66.0,6,41,92.0,76.9
348,Operating Systems,3.9,7.0,92.4,66.0,6,41,76.4,79.1
348,Algorithms,4.1,7.0,92.4,66.0,6,41,50.4,56.6
349,Python Programming,4.5,8.3,100.0,53.3,3,35,89.2,77.0
349,DBMS,7.4,8.3,100.0,53.3,3,35,43.0,66.7
349,Data Analytics,2.0,8.3,100.0,53.3,3,35,81.0,49.6
349,Operating Systems,1.1,8.3,100.0,53.3,3,35,49.3,54.8
349,Algorithms,7.4,8.3,100.0,53.3,3,35,78.8,78.9
350,Python Programming,2.6,9.4,70.0,92.9,2,12,85.4,71.9
350,DBMS,5.3,9.4,70.0,92.9,2,12,64.4,68.1
350,Data Analytics,3.6,9.4,70.0,92.9,2,12,52.7,59.0
350,Operating Systems,6.1,9.4,70.0,92.9,2,12,56.8,69.8
350,Algorithms,3.2,9.4,70.0,92.9,2,12,90.3,67.4
351,Python Programming,6.9,7.3,82.3,81.3,7,29,66.0,83.0
351,DBMS,1.3,7.3,82.3,81.3,7,29,75.1,60.0
351,Data Analytics,6.1,7.3,82.3,81.3,7,29,59.1,73.3
351,Operating Systems,5.8,7.3,82.3,81.3,7,29,60.5,70.1
351,Algorithms,1.8,7.3,82.3,81.3,7,29,71.7,58.1
352,Python Programming,4.9,6.1,80.3,73.3,7,27,89.2,74.2
352,DBMS,7.8,6.1,80.3,73.3,7,27,42.5,62.1
352,Data Analytics,6.3,6.1,80.3,73.3,7,27,75.2,72.0
352,Operating Systems,1.8,6.1,80.3,73.3,7,27,66.6,63.7
352,Algorithms,1.1,6.1,80.3,73.3,7,27,89.0,67.7
353,Python Programming,6.0,7.4,93.1,87.4,2,17,48.6,67.4
353,DBMS,6.9,7.4,93.1,87.4,2,17,79.9,73.8
353,Data Analytics,3.2,7.4,93.1,87.4,2,17,76.9,68.2
353,Operating Systems,1.2,7.4,93.1,87.4,2,17,80.0,57.7
353,Algorithms,6.4,7.4,93.1,87.4,2,17,49.6,70.0
354,Python Programming,4.9,7.5,80.1,75.7,3,39,80.7,72.7
354,DBMS,4.5,7.5,80.1,75.7,3,39,55.0,60.9
354,Data Analytics,6.0,7.5,80.1,75.7,3,39,71.3,63.5
354,Operating Systems,6.2,7.5,80.1,75.7,3,39,47.8,62.5
354,Algorithms,1.9,7.5,80.1,75.7,3,39,65.4,59.5
355,Python Programming,5.9,5.5,89.0,86.1,6,18,83.8,83.5
355,DBMS,3.4,5.5,89.0,86.1,6,18,40.4,52.6
355,Data Analytics,1.6,5.5,89.0,86.1,6,18,58.0,55.1
355,Operating Systems,4.1,5.5,89.0,86.1,6,18,55.4,58.6
355,Algorithms,2.0,5.5,89.0,86.1,6,18,78.2,64.0
356,Python Programming,1.8,5.6,83.7,86.2,4,44,71.2,57.4
356,DBMS,7.5,5.6,83.7,86.2,4,44,43.0,72.6
356,Data Analytics,4.2,5.6,83.7,86.2,4,44,84.4,65.6
356,Operating Systems,2.3,5.6,83.7,86.2,4,44,92.8,58.2
356,Algorithms,7.1,5.6,83.7,86.2,4,44,71.0,67.1
357,Python Programming,6.6,7.2,97.7,82.2,7,30,94.4,82.6
357,DBMS,3.6,7.2,97.7,82.2,7,30,64.5,74.3
357,Data Analytics,7.2,7.2,97.7,82.2,7,30,68.6,78.9
357,Operating Systems,5.0,7.2,97.7,82.2,7,30,76.8,76.8
357,Algorithms,4.9,7.2,97.7,82.2,7,30,40.8,65.7
358,Python Programming,4.7,5.8,81.4,89.3,4,21,83.3,76.9
358,DBMS,6.9,5.8,81.4,89.3,4,21,75.6,72.5
358,Data Analytics,7.0,5.8,81.4,89.3,4,21,56.4,57.6
358,Operating Systems,7.5,5.8,81.4,89.3,4,21,52.6,71.7
358,Algorithms,6.2,5.8,81.4,89.3,4,21,64.1,75.0
359,Python Programming,7.0,7.9,81.9,74.8,5,23,67.5,77.8
359,DBMS,5.8,7.9,81.9,74.8,5,23,61.6,72.0
359,Data Analytics,2.4,7.9,81.9,74.8,5,23,48.1,54.6
359,Operating Systems,7.0,7.9,81.9,74.8,5,23,77.5,74.9
359,Algorithms,6.6,7.9,81.9,74.8,5,23,65.0,68.3
360,Python Programming,4.5,8.7,67.8,79.7,6,34,86.4,72.7
360,DBMS,2.7,8.7,67.8,79.7,6,34,62.8,59.9
360,Data Analytics,4.2,8.7,67.8,79.7,6,34,59.9,77.3
360,Operating Systems,5.1,8.7,67.8,79.7,6,34,74.3,70.3
360,Algorithms,5.4,8.7,67.8,79.7,6,34,92.4,81.4
361,Python Programming,2.3,7.5,97.8,92.0,7,39,64.0,64.9
361,DBMS,3.7,7.5,97.8,92.0,7,39,62.3,70.2
361,Data Analytics,1.3,7.5,97.8,92.0,7,39,69.1,63.3
361,Operating Systems,5.6,7.5,97.8,92.0,7,39,51.4,58.8
361,Algorithms,2.7,7.5,97.8,92.0,7,39,80.1,68.5
362,Python Programming,1.2,5.8,83.9,91.8,6,20,90.2,68.0
362,DBMS,1.8,5.8,83.9,91.8,6,20,75.5,66.1
362,Data Analytics,4.6,5.8,83.9,91.8,6,20,47.4,58.8
362,Operating Systems,5.0,5.8,83.9,91.8,6,20,62.4,71.7
362,Algorithms,3.9,5.8,83.9,91.8,6,20,55.9,63.8
363,Python Programming,1.1,6.6,80.4,66.7,2,13,86.2,49.9
363,DBMS,1.2,6.6,80.4,66.7,2,13,91.7,58.1
363,Data Analytics,4.8,6.6,80.4,66.7,2,13,76.0,67.8
363,Operating Systems,3.7,6.6,80.4,66.7,2,13,75.6,70.3
363,Algorithms,7.2,6.6,80.4,66.7,2,13,45.8,50.3
364,Python Programming,6.6,7.8,75.0,74.6,4,31,64.3,73.1
364,DBMS,4.4,7.8,75.0,74.6,4,31,86.7,70.6
364,Data Analytics,2.8,7.8,75.0,74.6,4,31,88.7,76.3
364,Operating Systems,5.0,7.8,75.0,74.6,4,31,52.2,64.9
364,Algorithms,1.3,7.8,75.0,74.6,4,31,94.6,61.3
365,Python Programming,6.1,6.5,82.9,90.7,5,42,63.8,70.6
365,DBMS,5.8,6.5,82.9,90.7,5,42,73.5,71.7
365,Data Analytics,4.3,6.5,82.9,90.7,5,42,75.4,77.0
365,Operating Systems,1.8,6.5,82.9,90.7,5,42,64.0,52.2
365,Algorithms,5.4,6.5,82.9,90.7,5,42,45.8,56.6
366,Python Programming,2.8,7.4,72.3,83.1,5,19,46.7,57.2
366,DBMS,4.6,7.4,72.3,83.1,5,19,72.2,66.4
366,Data Analytics,3.5,7.4,72.3,83.1,5,19,75.3,55.1
366,Operating Systems,7.3,7.4,72.3,83.1,5,19,49.0,63.3
366,Algorithms,5.4,7.4,72.3,83.1,5,19,80.1,71.8
367,Python Programming,4.7,7.5,78.4,90.2,5,42,76.8,75.5
367,DBMS,6.8,7.5,78.4,90.2,5,42,48.3,64.5
367,Data Analytics,4.3,7.5,78.4,90.2,5,42,72.9,67.5
367,Operating Systems,1.2,7.5,78.4,90.2,5,42,55.1,53.6
367,Algorithms,7.3,7.5,78.4,90.2,5,42,94.0,83.6
368,Python Programming,6.0,7.6,69.6,59.0,4,17,51.0,51.3
368,DBMS,2.5,7.6,69.6,59.0,4,17,77.9,57.4
368,Data Analytics,6.5,7.6,69.6,59.0,4,17,83.1,65.6
368,Operating Systems,4.2,7.6,69.6,59.0,4,17,83.6,68.4
368,Algorithms,2.6,7.6,69.6,59.0,4,17,55.1,56.3
369,Python Programming,7.4,6.5,72.8,54.3,3,27,45.7,62.5
369,DBMS,6.0,6.5,72.8,54.3,3,27,77.8,56.1
369,Data Analytics,6.3,6.5,72.8,54.3,3,27,54.2,63.4
369,Operating Systems,5.9,6.5,72.8,54.3,3,27,42.2,52.2
369,Algorithms,5.5,6.5,72.8,54.3,3,27,52.2,61.5
370,Python Programming,2.4,8.1,91.0,65.5,3,25,53.7,56.7
370,DBMS,3.4,8.1,91.0,65.5,3,25,72.4,70.3
370,Data Analytics,2.5,8.1,91.0,65.5,3,25,40.6,46.7
370,Operating Systems,6.4,8.1,91.0,65.5,3,25,85.2,76.3
370,Algorithms,3.6,8.1,91.0,65.5,3,25,83.7,63.6
371,Python Programming,4.2,8.3,72.7,77.1,7,21,91.8,77.3
371,DBMS,7.2,8.3,72.7,77.1,7,21,45.6,74.2
371,Data Analytics,2.9,8.3,72.7,77.1,7,21,65.9,67.7
371,Operating Systems,6.0,8.3,72.7,77.1,7,21,64.1,74.9
371,Algorithms,7.4,8.3,72.7,77.1,7,21,75.9,78.4
372,Python Programming,5.4,8.9,73.6,54.3,5,43,54.1,68.1
372,DBMS,7.6,8.9,73.6,54.3,5,43,49.3,57.0
372,Data Analytics,4.1,8.9,73.6,54.3,5,43,71.4,63.4
372,Operating Systems,4.0,8.9,73.6,54.3,5,43,62.8,65.8
372,Algorithms,6.8,8.9,73.6,54.3,5,43,53.7,72.1
373,Python Programming,6.4,9.7,93.9,45.3,3,21,80.6,72.9
373,DBMS,7.3,9.7,93.9,45.3,3,21,64.6,58.4
373,Data Analytics,7.0,9.7,93.9,45.3,3,21,52.6,70.1
373,Operating Systems,2.7,9.7,93.9,45.3,3,21,60.5,57.2
373,Algorithms,1.9,9.7,93.9,45.3,3,21,57.6,44.6
374,Python Programming,7.9,8.2,78.2,100.0,5,30,61.4,71.6
374,DBMS,1.3,8.2,78.2,100.0,5,30,84.1,60.6
374,Data Analytics,4.5,8.2,78.2,100.0,5,30,80.8,77.6
374,Operating Systems,6.4,8.2,78.2,100.0,5,30,67.5,71.6
374,Algorithms,3.0,8.2,78.2,100.0,5,30,80.2,79.3
375,Python Programming,1.9,6.2,73.3,74.4,2,34,91.3,58.9
375,DBMS,7.1,6.2,73.3,74.4,2,34,52.8,64.2
375,Data Analytics,7.8,6.2,73.3,74.4,2,34,60.5,73.1
375,Operating Systems,5.8,6.2,73.3,74.4,2,34,43.5,56.6
375,Algorithms,4.8,6.2,73.3,74.4,2,34,55.8,55.3
376,Python Programming,1.2,6.0,83.6,75.9,4,9,56.7,46.5
376,DBMS,7.4,6.0,83.6,75.9,4,9,57.7,69.2
376,Data Analytics,6.8,6.0,83.6,75.9,4,9,45.7,53.9
376,Operating Systems,7.6,6.0,83.6,75.9,4,9,83.7,80.7
376,Algorithms,3.7,6.0,83.6,75.9,4,9,62.1,54.2
377,Python Programming,4.4,5.5,77.8,98.0,2,30,56.4,63.7
377,DBMS,5.5,5.5,77.8,98.0,2,30,55.8,64.6
377,Data Analytics,1.3,5.5,77.8,98.0,2,30,45.2,39.9
377,Operating Systems,1.0,5.5,77.8,98.0,2,30,48.4,40.8
377,Algorithms,2.7,5.5,77.8,98.0,2,30,91.5,62.5
378,Python Programming,2.5,7.5,57.5,81.2,5,22,60.8,52.6
378,DBMS,3.2,7.5,57.5,81.2,5,22,77.3,67.4
378,Data Analytics,1.5,7.5,57.5,81.2,5,22,50.5,41.4
378,Operating Systems,3.9,7.5,57.5,81.2,5,22,91.5,79.0
378,Algorithms,2.8,7.5,57.5,81.2,5,22,47.0,46.9
379,Python Programming,4.9,6.5,78.5,63.2,3,30,57.2,64.1
379,DBMS,3.1,6.5,78.5,63.2,3,30,80.3,58.7
379,Data Analytics,1.7,6.5,78.5,63.2,3,30,89.4,60.4
379,Operating Systems,3.4,6.5,78.5,63.2,3,30,70.3,52.9
379,Algorithms,5.1,6.5,78.5,63.2,3,30,68.9,60.3
380,Python Programming,4.8,4.9,77.7,64.1,2,36,78.7,59.0
380,DBMS,6.5,4.9,77.7,64.1,2,36,74.6,66.7
380,Data Analytics,5.7,4.9,77.7,64.1,2,36,41.3,46.4
380,Operating Systems,3.9,4.9,77.7,64.1,2,36,58.3,45.3
380,Algorithms,5.1,4.9,77.7,64.1,2,36,90.2,68.9
381,Python Programming,4.3,9.7,67.3,69.3,3,35,89.6,67.3
381,DBMS,1.2,9.7,67.3,69.3,3,35,57.6,59.1
381,Data Analytics,4.4,9.7,67.3,69.3,3,35,84.9,77.7
381,Operating Systems,1.4,9.7,67.3,69.3,3,35,84.9,55.5
381,Algorithms,7.2,9.7,67.3,69.3,3,35,75.7,75.2
382,Python Programming,1.9,5.5,83.1,69.5,3,15,89.7,63.6
382,DBMS,5.7,5.5,83.1,69.5,3,15,89.4,60.5
382,Data Analytics,6.5,5.5,83.1,69.5,3,15,45.1,49.1
382,Operating Systems,4.6,5.5,83.1,69.5,3,15,86.0,61.4
382,Algorithms,1.1,5.5,83.1,69.5,3,15,66.4,52.3
383,Python Programming,6.6,7.1,63.9,67.3,6,35,73.9,67.7
383,DBMS,7.9,7.1,63.9,67.3,6,35,75.2,76.3
383,Data Analytics,1.6,7.1,63.9,67.3,6,35,49.5,52.6
383,Operating Systems,1.4,7.1,63.9,67.3,6,35,45.8,44.7
383,Algorithms,4.8,7.1,63.9,67.3,6,35,79.1,64.0
384,Python Programming,4.0,5.4,86.4,88.4,5,10,47.0,57.6
384,DBMS,5.0,5.4,86.4,88.4,5,10,61.9,61.1
384,Data Analytics,3.3,5.4,86.4,88.4,5,10,73.4,61.4
384,Operating Systems,5.0,5.4,86.4,88.4,5,10,49.0,63.2
384,Algorithms,6.8,5.4,86.4,88.4,5,10,66.9,71.9
385,Python Programming,4.7,7.8,86.4,78.8,4,10,95.0,67.5
385,DBMS,6.9,7.8,86.4,78.8,4,10,59.9,75.6
385,Data Analytics,7.8,7.8,86.4,78.8,4,10,87.5,89.7
385,Operating Systems,4.1,7.8,86.4,78.8,4,10,43.5,66.3
385,Algorithms,5.3,7.8,86.4,78.8,4,10,69.6,68.1
386,Python Programming,3.4,6.6,61.5,81.0,4,12,57.8,48.3
386,DBMS,5.1,6.6,61.5,81.0,4,12,43.7,56.9
386,Data Analytics,5.7,6.6,61.5,81.0,4,12,78.7,76.0
386,Operating Systems,3.0,6.6,61.5,81.0,4,12,65.9,47.9
386,Algorithms,2.9,6.6,61.5,81.0,4,12,84.4,68.5
387,Python Programming,2.5,5.4,65.6,68.8,6,33,40.2,51.6
387,DBMS,2.7,5.4,65.6,68.8,6,33,68.0,52.4
387,Data Analytics,7.9,5.4,65.6,68.8,6,33,59.3,58.8
387,Operating Systems,4.2,5.4,65.6,68.8,6,33,47.3,61.8
387,Algorithms,2.0,5.4,65.6,68.8,6,33,71.5,58.1
388,Python Programming,1.0,5.9,71.8,69.1,7,9,87.9,57.8
388,DBMS,1.2,5.9,71.8,69.1,7,9,79.2,45.7
388,Data Analytics,2.3,5.9,71.8,69.1,7,9,58.4,54.7
388,Operating Systems,6.1,5.9,71.8,69.1,7,9,76.8,73.6
388,Algorithms,1.4,5.9,71.8,69.1,7,9,69.9,55.6
389,Python Programming,2.7,4.7,85.6,91.6,2,18,55.3,51.8
389,DBMS,7.3,4.7,85.6,91.6,2,18,75.0,73.4
389,Data Analytics,7.4,4.7,85.6,91.6,2,18,80.6,74.8
389,Operating Systems,2.4,4.7,85.6,91.6,2,18,86.4,64.1
389,Algorithms,5.8,4.7,85.6,91.6,2,18,81.7,65.3
390,Python Programming,5.3,7.8,100.0,68.9,6,31,93.0,72.5
390,DBMS,1.7,7.8,100.0,68.9,6,31,41.2,52.8
390,Data Analytics,5.7,7.8,100.0,68.9,6,31,68.7,75.5
390,Operating Systems,6.5,7.8,100.0,68.9,6,31,48.6,67.4
390,Algorithms,1.8,7.8,100.0,68.9,6,31,63.1,47.2
391,Python Programming,7.5,7.0,79.3,75.5,6,18,44.8,63.4
391,DBMS,6.6,7.0,79.3,75.5,6,18,89.4,75.9
391,Data Analytics,4.0,7.0,79.3,75.5,6,18,47.7,52.2
391,Operating Systems,1.2,7.0,79.3,75.5,6,18,87.8,74.7
391,Algorithms,7.5,7.0,79.3,75.5,6,18,76.6,84.3
392,Python Programming,2.3,8.0,90.2,86.6,2,21,75.8,62.4
392,DBMS,6.0,8.0,90.2,86.6,2,21,77.8,67.6
392,Data Analytics,7.7,8.0,90.2,86.6,2,21,90.8,78.8
392,Operating Systems,4.2,8.0,90.2,86.6,2,21,86.5,59.8
392,Algorithms,2.1,8.0,90.2,86.6,2,21,63.5,49.6
393,Python Programming,5.4,7.0,75.9,39.7,2,25,90.0,69.1
393,DBMS,1.1,7.0,75.9,39.7,2,25,70.6,47.2
393,Data Analytics,3.3,7.0,75.9,39.7,2,25,47.5,51.9
393,Operating Systems,7.2,7.0,75.9,39.7,2,25,65.9,63.9
393,Algorithms,5.7,7.0,75.9,39.7,2,25,84.2,69.6
394,Python Programming,3.7,9.5,69.4,82.6,7,27,45.3,64.7
394,DBMS,7.4,9.5,69.4,82.6,7,27,45.0,67.8
394,Data Analytics,3.8,9.5,69.4,82.6,7,27,77.4,82.5
394,Operating Systems,1.5,9.5,69.4,82.6,7,27,72.7,68.1
394,Algorithms,2.2,9.5,69.4,82.6,7,27,89.4,75.5
395,Python Programming,7.3,7.5,88.1,68.2,4,8,64.6,70.7
395,DBMS,2.9,7.5,88.1,68.2,4,8,61.6,50.0
395,Data Analytics,2.9,7.5,88.1,68.2,4,8,87.4,62.6
395,Operating Systems,1.5,7.5,88.1,68.2,4,8,77.3,56.4
395,Algorithms,1.4,7.5,88.1,68.2,4,8,54.8,45.5
396,Python Programming,6.3,7.4,84.1,69.6,2,38,68.2,68.3
396,DBMS,5.7,7.4,84.1,69.6,2,38,86.6,71.4
396,Data Analytics,7.4,7.4,84.1,69.6,2,38,80.7,74.4
396,Operating Systems,4.8,7.4,84.1,69.6,2,38,69.1,64.0
396,Algorithms,5.6,7.4,84.1,69.6,2,38,63.0,52.1
397,Python Programming,5.8,7.6,87.2,74.5,3,26,53.7,68.3
397,DBMS,5.5,7.6,87.2,74.5,3,26,88.3,78.4
397,Data Analytics,8.0,7.6,87.2,74.5,3,26,45.8,66.1
397,Operating Systems,2.6,7.6,87.2,74.5,3,26,92.3,73.0
397,Algorithms,1.1,7.6,87.2,74.5,3,26,73.2,55.8
398,Python Programming,1.2,6.4,86.8,51.1,4,33,62.5,47.4
398,DBMS,3.0,6.4,86.8,51.1,4,33,84.5,60.5
398,Data Analytics,5.2,6.4,86.8,51.1,4,33,73.2,71.1
398,Operating Systems,6.8,6.4,86.8,51.1,4,33,63.4,60.7
398,Algorithms,4.8,6.4,86.8,51.1,4,33,64.7,55.4
399,Python Programming,1.8,6.8,71.4,100.0,5,18,64.2,53.4
399,DBMS,4.4,6.8,71.4,100.0,5,18,89.3,77.9
399,Data Analytics,4.4,6.8,71.4,100.0,5,18,93.6,76.2
399,Operating Systems,1.1,6.8,71.4,100.0,5,18,89.4,65.0
399,Algorithms,1.4,6.8,71.4,100.0,5,18,52.2,53.5
400,Python Programming,5.2,8.2,100.0,72.4,4,14,48.2,60.5
400,DBMS,3.8,8.2,100.0,72.4,4,14,89.7,71.7
400,Data Analytics,5.8,8.2,100.0,72.4,4,14,62.9,74.2
400,Operating Systems,5.5,8.2,100.0,72.4,4,14,57.0,69.3
400,Algorithms,1.2,8.2,100.0,72.4,4,14,83.5,75.0
401,Python Programming,2.8,4.0,68.8,67.3,2,37,67.7,53.8
401,DBMS,6.2,4.0,68.8,67.3,2,37,67.7,60.0
401,Data Analytics,6.6,4.0,68.8,67.3,2,37,55.9,54.9
401,Operating Systems,5.6,4.0,68.8,67.3,2,37,63.5,65.7
401,Algorithms,7.2,4.0,68.8,67.3,2,37,67.3,63.4
402,Python Programming,5.4,5.8,90.9,89.9,5,16,76.6,71.3
402,DBMS,2.5,5.8,90.9,89.9,5,16,76.2,58.2
402,Data Analytics,6.6,5.8,90.9,89.9,5,16,68.1,72.2
402,Operating Systems,7.8,5.8,90.9,89.9,5,16,55.5,58.7
402,Algorithms,1.8,5.8,90.9,89.9,5,16,63.4,52.2
403,Python Programming,4.5,6.3,72.0,65.5,7,16,48.2,57.8
403,DBMS,1.7,6.3,72.0,65.5,7,16,46.8,50.5
403,Data Analytics,2.4,6.3,72.0,65.5,7,16,53.8,49.7
403,Operating Systems,2.2,6.3,72.0,65.5,7,16,92.7,64.9
403,Algorithms,3.3,6.3,72.0,65.5,7,16,51.5,58.5
404,Python Programming,5.1,7.0,76.0,65.8,6,30,43.9,62.4
404,DBMS,1.2,7.0,76.0,65.8,6,30,54.4,55.0
404,Data Analytics,6.9,7.0,76.0,65.8,6,30,67.0,72.5
404,Operating Systems,1.3,7.0,76.0,65.8,6,30,69.4,51.2
404,Algorithms,1.8,7.0,76.0,65.8,6,30,55.3,59.1
405,Python Programming,5.0,8.8,73.3,68.5,7,33,65.9,74.4
405,DBMS,4.5,8.8,73.3,68.5,7,33,80.3,75.2
405,Data Analytics,7.3,8.8,73.3,68.5,7,33,43.2,66.2
405,Operating Systems,2.0,8.8,73.3,68.5,7,33,79.4,56.0
405,Algorithms,2.0,8.8,73.3,68.5,7,33,67.9,55.5
406,Python Programming,7.9,5.4,79.3,43.1,4,43,77.8,69.9
406,DBMS,6.9,5.4,79.3,43.1,4,43,62.8,60.9
406,Data Analytics,3.8,5.4,79.3,43.1,4,43,86.5,59.6
406,Operating Systems,3.4,5.4,79.3,43.1,4,43,76.0,59.7
406,Algorithms,3.5,5.4,79.3,43.1,4,43,71.7,63.3
407,Python Programming,5.6,6.6,73.6,63.8,7,20,58.1,67.6
407,DBMS,3.7,6.6,73.6,63.8,7,20,54.4,53.5
407,Data Analytics,6.0,6.6,73.6,63.8,7,20,68.1,61.4
407,Operating Systems,7.6,6.6,73.6,63.8,7,20,42.3,79.3
407,Algorithms,7.4,6.6,73.6,63.8,7,20,42.7,66.0
408,Python Programming,7.9,7.3,91.2,72.1,7,22,75.9,81.6
408,DBMS,1.4,7.3,91.2,72.1,7,22,68.9,54.9
408,Data Analytics,7.4,7.3,91.2,72.1,7,22,64.2,77.1
408,Operating Systems,8.0,7.3,91.2,72.1,7,22,63.1,74.2
408,Algorithms,4.2,7.3,91.2,72.1,7,22,53.1,64.8
409,Python Programming,3.5,7.8,84.6,98.4,5,33,90.4,65.8
409,DBMS,1.9,7.8,84.6,98.4,5,33,76.9,60.4
409,Data Analytics,2.5,7.8,84.6,98.4,5,33,72.2,58.8
409,Operating Systems,4.1,7.8,84.6,98.4,5,33,41.9,65.4
409,Algorithms,5.8,7.8,84.6,98.4,5,33,79.9,75.9
410,Python Programming,3.1,8.7,69.3,57.4,5,36,72.9,60.0
410,DBMS,4.5,8.7,69.3,57.4,5,36,42.9,55.8
410,Data Analytics,3.3,8.7,69.3,57.4,5,36,48.7,57.5
410,Operating Systems,3.4,8.7,69.3,57.4,5,36,41.1,54.2
410,Algorithms,7.1,8.7,69.3,57.4,5,36,77.8,64.6
411,Python Programming,5.2,6.5,66.7,71.3,7,36,80.4,73.5
411,DBMS,1.8,6.5,66.7,71.3,7,36,87.4,66.9
411,Data Analytics,4.5,6.5,66.7,71.3,7,36,79.7,75.0
411,Operating Systems,1.0,6.5,66.7,71.3,7,36,72.6,55.0
411,Algorithms,1.8,6.5,66.7,71.3,7,36,63.1,61.1
412,Python Programming,1.4,7.5,74.6,99.1,7,44,77.8,72.6
412,DBMS,3.6,7.5,74.6,99.1,7,44,81.6,79.3
412,Data Analytics,2.9,7.5,74.6,99.1,7,44,51.8,58.9
412,Operating Systems,6.8,7.5,74.6,99.1,7,44,94.3,79.9
412,Algorithms,3.8,7.5,74.6,99.1,7,44,49.4,65.9
413,Python Programming,2.5,8.1,87.6,91.8,6,9,58.7,55.9
413,DBMS,6.5,8.1,87.6,91.8,6,9,50.6,78.9
413,Data Analytics,7.7,8.1,87.6,91.8,6,9,82.6,92.9
413,Operating Systems,6.6,8.1,87.6,91.8,6,9,69.2,77.2
413,Algorithms,4.8,8.1,87.6,91.8,6,9,77.3,69.7
414,Python Programming,5.5,9.3,64.7,99.1,6,40,77.8,68.7
414,DBMS,3.6,9.3,64.7,99.1,6,40,54.4,69.0
414,Data Analytics,4.2,9.3,64.7,99.1,6,40,73.7,77.4
414,Operating Systems,3.6,9.3,64.7,99.1,6,40,78.6,76.1
414,Algorithms,4.6,9.3,64.7,99.1,6,40,65.2,76.4
415,Python Programming,7.7,8.6,93.8,46.9,5,16,83.5,79.1
415,DBMS,3.6,8.6,93.8,46.9,5,16,71.0,67.7
415,Data Analytics,7.0,8.6,93.8,46.9,5,16,70.8,68.2
415,Operating Systems,4.7,8.6,93.8,46.9,5,16,62.1,73.9
415,Algorithms,7.4,8.6,93.8,46.9,5,16,45.0,63.2
416,Python Programming,7.1,9.0,85.8,76.5,7,23,66.7,78.2
416,DBMS,3.1,9.0,85.8,76.5,7,23,68.5,73.8
416,Data Analytics,1.8,9.0,85.8,76.5,7,23,94.8,63.6
416,Operating Systems,4.0,9.0,85.8,76.5,7,23,59.2,63.3
416,Algorithms,6.8,9.0,85.8,76.5,7,23,65.0,85.2
417,Python Programming,2.0,7.5,74.3,89.1,2,5,57.4,54.2
417,DBMS,7.8,7.5,74.3,89.1,2,5,54.1,61.0
417,Data Analytics,3.8,7.5,74.3,89.1,2,5,71.4,57.2
417,Operating Systems,7.7,7.5,74.3,89.1,2,5,68.4,69.0
417,Algorithms,1.3,7.5,74.3,89.1,2,5,57.3,51.5
418,Python Programming,5.1,7.1,85.9,76.9,3,27,91.9,75.1
418,DBMS,6.7,7.1,85.9,76.9,3,27,80.8,70.9
418,Data Analytics,6.8,7.1,85.9,76.9,3,27,55.2,68.9
418,Operating Systems,7.5,7.1,85.9,76.9,3,27,60.1,67.7
418,Algorithms,4.6,7.1,85.9,76.9,3,27,45.9,59.5
419,Python Programming,2.4,7.7,89.8,85.3,3,37,58.6,60.2
419,DBMS,4.3,7.7,89.8,85.3,3,37,58.2,58.2
419,Data Analytics,2.0,7.7,89.8,85.3,3,37,61.9,62.3
419,Operating Systems,7.9,7.7,89.8,85.3,3,37,52.4,64.9
419,Algorithms,1.5,7.7,89.8,85.3,3,37,66.8,66.7
420,Python Programming,4.6,9.8,81.2,88.0,2,27,82.4,72.2
420,DBMS,4.7,9.8,81.2,88.0,2,27,48.7,60.2
420,Data Analytics,3.5,9.8,81.2,88.0,2,27,91.2,71.3
420,Operating Systems,6.6,9.8,81.2,88.0,2,27,63.8,63.5
420,Algorithms,5.9,9.8,81.2,88.0,2,27,84.2,77.0
421,Python Programming,3.8,10.0,90.2,100.0,5,36,92.9,79.3
421,DBMS,3.9,10.0,90.2,100.0,5,36,73.1,75.5
421,Data Analytics,2.7,10.0,90.2,100.0,5,36,81.0,74.3
421,Operating Systems,4.6,10.0,90.2,100.0,5,36,54.8,71.9
421,Algorithms,5.6,10.0,90.2,100.0,5,36,57.8,82.0
422,Python Programming,4.6,6.4,100.0,100.0,5,14,80.4,79.3
422,DBMS,3.9,6.4,100.0,100.0,5,14,59.5,57.6
422,Data Analytics,4.8,6.4,100.0,100.0,5,14,69.9,63.7
422,Operating Systems,4.5,6.4,100.0,100.0,5,14,47.4,56.8
422,Algorithms,1.9,6.4,100.0,100.0,5,14,91.3,70.7
423,Python Programming,6.4,8.6,96.4,60.7,6,18,60.3,72.7
423,DBMS,7.7,8.6,96.4,60.7,6,18,85.1,83.3
423,Data Analytics,2.9,8.6,96.4,60.7,6,18,55.7,61.2
423,Operating Systems,2.9,8.6,96.4,60.7,6,18,87.0,66.5
423,Algorithms,2.6,8.6,96.4,60.7,6,18,83.9,65.6
424,Python Programming,5.7,7.0,78.8,68.1,2,30,78.6,65.1
424,DBMS,6.0,7.0,78.8,68.1,2,30,80.1,70.9
424,Data Analytics,1.7,7.0,78.8,68.1,2,30,80.6,58.0
424,Operating Systems,7.7,7.0,78.8,68.1,2,30,77.3,76.0
424,Algorithms,4.1,7.0,78.8,68.1,2,30,73.0,61.0
425,Python Programming,6.5,6.9,87.5,82.5,6,26,72.1,72.1
425,DBMS,7.4,6.9,87.5,82.5,6,26,91.8,85.1
425,Data Analytics,1.2,6.9,87.5,82.5,6,26,58.1,52.2
425,Operating Systems,4.8,6.9,87.5,82.5,6,26,90.1,78.4
425,Algorithms,4.7,6.9,87.5,82.5,6,26,54.7,60.6
426,Python Programming,1.9,6.7,89.0,66.9,5,7,91.0,63.3
426,DBMS,4.2,6.7,89.0,66.9,5,7,80.4,67.8
426,Data Analytics,1.7,6.7,89.0,66.9,5,7,67.3,56.0
426,Operating Systems,5.8,6.7,89.0,66.9,5,7,58.4,70.7
426,Algorithms,5.9,6.7,89.0,66.9,5,7,67.1,74.0
427,Python Programming,1.3,8.3,79.8,78.8,7,31,74.8,55.2
427,DBMS,2.7,8.3,79.8,78.8,7,31,56.7,58.1
427,Data Analytics,2.7,8.3,79.8,78.8,7,31,49.3,64.7
427,Operating Systems,6.4,8.3,79.8,78.8,7,31,47.1,71.7
427,Algorithms,5.8,8.3,79.8,78.8,7,31,74.8,62.1
428,Python Programming,6.3,5.5,69.5,59.9,3,9,52.4,46.4
428,DBMS,1.5,5.5,69.5,59.9,3,9,84.6,49.0
428,Data Analytics,2.9,5.5,69.5,59.9,3,9,94.8,57.2
428,Operating Systems,7.3,5.5,69.5,59.9,3,9,68.2,62.7
428,Algorithms,7.5,5.5,69.5,59.9,3,9,86.3,69.7
429,Python Programming,4.8,9.4,92.2,93.3,3,17,69.6,74.2
429,DBMS,5.0,9.4,92.2,93.3,3,17,92.2,78.8
429,Data Analytics,4.5,9.4,92.2,93.3,3,17,86.6,74.3
429,Operating Systems,4.5,9.4,92.2,93.3,3,17,81.1,72.7
429,Algorithms,6.1,9.4,92.2,93.3,3,17,49.1,65.3
430,Python Programming,1.7,5.8,67.1,81.8,7,28,84.3,72.5
430,DBMS,3.6,5.8,67.1,81.8,7,28,75.7,62.0
430,Data Analytics,7.2,5.8,67.1,81.8,7,28,73.9,80.0
430,Operating Systems,4.0,5.8,67.1,81.8,7,28,50.0,55.6
430,Algorithms,6.7,5.8,67.1,81.8,7,28,78.3,71.1
431,Python Programming,5.4,9.3,76.6,69.8,6,33,93.7,76.2
431,DBMS,3.2,9.3,76.6,69.8,6,33,65.4,66.9
431,Data Analytics,6.9,9.3,76.6,69.8,6,33,81.9,91.3
431,Operating Systems,1.4,9.3,76.6,69.8,6,33,94.9,72.3
431,Algorithms,5.6,9.3,76.6,69.8,6,33,87.1,81.3
432,Python Programming,6.8,5.8,76.9,90.7,2,13,48.9,56.3
432,DBMS,7.0,5.8,76.9,90.7,2,13,77.8,78.6
432,Data Analytics,3.9,5.8,76.9,90.7,2,13,50.7,53.8
432,Operating Systems,3.0,5.8,76.9,90.7,2,13,67.8,63.7
432,Algorithms,6.5,5.8,76.9,90.7,2,13,72.0,69.4
433,Python Programming,5.9,7.9,73.7,74.4,6,16,62.5,77.6
433,DBMS,7.1,7.9,73.7,74.4,6,16,56.4,62.0
433,Data Analytics,4.7,7.9,73.7,74.4,6,16,88.2,81.2
433,Operating Systems,7.4,7.9,73.7,74.4,6,16,54.6,83.1
433,Algorithms,7.6,7.9,73.7,74.4,6,16,94.9,77.5
434,Python Programming,4.4,5.6,87.8,89.5,7,8,41.2,55.9
434,DBMS,5.8,5.6,87.8,89.5,7,8,56.2,60.3
434,Data Analytics,2.2,5.6,87.8,89.5,7,8,62.4,63.3
434,Operating Systems,2.6,5.6,87.8,89.5,7,8,69.4,64.4
434,Algorithms,2.1,5.6,87.8,89.5,7,8,76.9,58.3
435,Python Programming,2.9,7.4,75.5,79.2,6,6,69.0,67.3
435,DBMS,4.6,7.4,75.5,79.2,6,6,90.8,87.2
435,Data Analytics,3.8,7.4,75.5,79.2,6,6,92.2,80.8
435,Operating Systems,6.4,7.4,75.5,79.2,6,6,55.7,68.1
435,Algorithms,6.8,7.4,75.5,79.2,6,6,85.3,86.7
436,Python Programming,1.7,5.6,85.9,100.0,4,10,53.1,56.1
436,DBMS,3.7,5.6,85.9,100.0,4,10,66.2,58.5
436,Data Analytics,3.2,5.6,85.9,100.0,4,10,64.7,67.2
436,Operating Systems,5.4,5.6,85.9,100.0,4,10,48.1,63.8
436,Algorithms,2.8,5.6,85.9,100.0,4,10,60.9,57.3
437,Python Programming,2.8,8.3,83.7,73.6,3,8,79.4,67.1
437,DBMS,6.1,8.3,83.7,73.6,3,8,55.5,57.5
437,Data Analytics,6.1,8.3,83.7,73.6,3,8,46.7,61.5
437,Operating Systems,2.2,8.3,83.7,73.6,3,8,57.4,57.6
437,Algorithms,3.8,8.3,83.7,73.6,3,8,44.3,54.8
438,Python Programming,6.3,5.5,94.8,87.4,4,17,45.9,55.3
438,DBMS,1.6,5.5,94.8,87.4,4,17,40.1,47.4
438,Data Analytics,5.5,5.5,94.8,87.4,4,17,56.3,49.9
438,Operating Systems,6.0,5.5,94.8,87.4,4,17,49.3,64.4
438,Algorithms,5.1,5.5,94.8,87.4,4,17,51.5,67.3
439,Python Programming,2.3,5.8,79.3,75.5,6,42,41.4,51.3
439,DBMS,1.3,5.8,79.3,75.5,6,42,72.3,55.0
439,Data Analytics,6.8,5.8,79.3,75.5,6,42,52.0,62.6
439,Operating Systems,2.7,5.8,79.3,75.5,6,42,75.3,58.0
439,Algorithms,2.8,5.8,79.3,75.5,6,42,67.0,56.3
440,Python Programming,4.1,4.9,71.2,90.2,6,37,74.9,64.5
440,DBMS,6.4,4.9,71.2,90.2,6,37,41.9,55.7
440,Data Analytics,3.4,4.9,71.2,90.2,6,37,59.1,60.8
440,Operating Systems,4.3,4.9,71.2,90.2,6,37,58.4,61.2
440,Algorithms,7.7,4.9,71.2,90.2,6,37,46.4,64.8
441,Python Programming,6.5,9.0,93.9,54.9,6,9,88.5,85.8
441,DBMS,6.9,9.0,93.9,54.9,6,9,72.0,80.9
441,Data Analytics,6.0,9.0,93.9,54.9,6,9,40.6,57.2
441,Operating Systems,4.1,9.0,93.9,54.9,6,9,86.4,63.8
441,Algorithms,7.1,9.0,93.9,54.9,6,9,48.6,68.8
442,Python Programming,2.8,5.5,86.5,93.8,7,21,48.6,53.2
442,DBMS,7.7,5.5,86.5,93.8,7,21,62.3,76.0
442,Data Analytics,1.5,5.5,86.5,93.8,7,21,68.1,55.1
442,Operating Systems,4.2,5.5,86.5,93.8,7,21,82.2,70.5
442,Algorithms,2.6,5.5,86.5,93.8,7,21,80.0,78.1
443,Python Programming,7.4,7.7,72.1,42.7,7,17,68.6,72.7
443,DBMS,6.5,7.7,72.1,42.7,7,17,52.5,53.4
443,Data Analytics,6.8,7.7,72.1,42.7,7,17,41.2,60.7
443,Operating Systems,2.7,7.7,72.1,42.7,7,17,48.4,51.2
443,Algorithms,3.8,7.7,72.1,42.7,7,17,64.7,66.4
444,Python Programming,3.0,8.5,69.6,62.3,3,25,65.9,59.7
444,DBMS,7.4,8.5,69.6,62.3,3,25,61.3,75.0
444,Data Analytics,4.0,8.5,69.6,62.3,3,25,52.8,56.5
444,Operating Systems,8.0,8.5,69.6,62.3,3,25,92.6,83.4
444,Algorithms,3.1,8.5,69.6,62.3,3,25,90.2,69.8
445,Python Programming,4.4,6.0,88.6,74.3,7,39,67.6,65.7
445,DBMS,3.3,6.0,88.6,74.3,7,39,47.3,64.5
445,Data Analytics,6.5,6.0,88.6,74.3,7,39,69.2,68.9
445,Operating Systems,5.1,6.0,88.6,74.3,7,39,51.0,59.7
445,Algorithms,2.7,6.0,88.6,74.3,7,39,52.4,54.5
446,Python Programming,2.8,8.3,100.0,72.8,3,13,54.4,57.6
446,DBMS,1.3,8.3,100.0,72.8,3,13,56.8,56.2
446,Data Analytics,6.5,8.3,100.0,72.8,3,13,65.0,66.2
446,Operating Systems,5.9,8.3,100.0,72.8,3,13,61.3,66.3
446,Algorithms,5.1,8.3,100.0,72.8,3,13,92.1,70.7
447,Python Programming,3.2,5.8,80.1,92.8,3,8,85.1,55.9
447,DBMS,4.9,5.8,80.1,92.8,3,8,64.8,53.6
447,Data Analytics,3.7,5.8,80.1,92.8,3,8,86.0,57.1
447,Operating Systems,7.8,5.8,80.1,92.8,3,8,64.1,72.5
447,Algorithms,4.0,5.8,80.1,92.8,3,8,70.4,56.2
448,Python Programming,2.5,5.7,87.6,55.3,4,11,79.4,55.7
448,DBMS,6.6,5.7,87.6,55.3,4,11,59.0,52.9
448,Data Analytics,4.9,5.7,87.6,55.3,4,11,50.3,51.6
448,Operating Systems,7.0,5.7,87.6,55.3,4,11,54.2,62.1
448,Algorithms,4.5,5.7,87.6,55.3,4,11,51.8,46.6
449,Python Programming,6.0,6.2,72.3,69.2,4,14,80.5,71.6
449,DBMS,2.0,6.2,72.3,69.2,4,14,93.1,60.0
449,Data Analytics,2.3,6.2,72.3,69.2,4,14,46.9,49.9
449,Operating Systems,2.0,6.2,72.3,69.2,4,14,81.1,65.8
449,Algorithms,6.2,6.2,72.3,69.2,4,14,73.3,67.4
450,Python Programming,3.1,4.9,90.3,58.0,7,18,42.0,55.0
450,DBMS,7.5,4.9,90.3,58.0,7,18,59.0,69.6
450,Data Analytics,6.4,4.9,90.3,58.0,7,18,52.2,59.1
450,Operating Systems,2.9,4.9,90.3,58.0,7,18,53.3,57.7
450,Algorithms,2.0,4.9,90.3,58.0,7,18,93.4,65.9
451,Python Programming,6.4,5.2,85.8,62.7,7,12,58.6,71.4
451,DBMS,2.2,5.2,85.8,62.7,7,12,63.2,55.1
451,Data Analytics,4.8,5.2,85.8,62.7,7,12,94.7,82.0
451,Operating Systems,3.8,5.2,85.8,62.7,7,12,73.8,58.0
451,Algorithms,5.9,5.2,85.8,62.7,7,12,91.6,68.9
452,Python Programming,1.1,7.4,95.4,70.8,5,5,53.9,52.3
452,DBMS,4.6,7.4,95.4,70.8,5,5,40.8,58.3
452,Data Analytics,5.0,7.4,95.4,70.8,5,5,90.9,67.9
452,Operating Systems,5.5,7.4,95.4,70.8,5,5,62.8,66.5
452,Algorithms,5.7,7.4,95.4,70.8,5,5,70.8,70.2
453,Python Programming,5.6,8.2,86.8,71.6,3,40,41.8,58.9
453,DBMS,1.6,8.2,86.8,71.6,3,40,56.1,53.3
453,Data Analytics,1.2,8.2,86.8,71.6,3,40,67.6,56.9
453,Operating Systems,2.9,8.2,86.8,71.6,3,40,75.7,65.9
453,Algorithms,4.3,8.2,86.8,71.6,3,40,94.7,75.4
454,Python Programming,6.0,9.1,61.1,60.3,2,43,73.2,75.1
454,DBMS,7.4,9.1,61.1,60.3,2,43,42.8,62.0
454,Data Analytics,3.5,9.1,61.1,60.3,2,43,46.5,47.1
454,Operating Systems,8.0,9.1,61.1,60.3,2,43,83.3,82.0
454,Algorithms,5.8,9.1,61.1,60.3,2,43,83.4,67.7
455,Python Programming,4.4,7.3,97.1,74.1,7,18,58.5,72.6
455,DBMS,2.1,7.3,97.1,74.1,7,18,62.0,65.8
455,Data Analytics,5.7,7.3,97.1,74.1,7,18,93.8,73.1
455,Operating Systems,6.1,7.3,97.1,74.1,7,18,75.4,76.9
455,Algorithms,3.0,7.3,97.1,74.1,7,18,82.3,70.7
456,Python Programming,4.5,5.6,86.6,81.8,7,17,63.0,59.8
456,DBMS,6.4,5.6,86.6,81.8,7,17,80.4,84.5
456,Data Analytics,4.9,5.6,86.6,81.8,7,17,93.0,79.6
456,Operating Systems,2.5,5.6,86.6,81.8,7,17,79.3,59.1
456,Algorithms,2.3,5.6,86.6,81.8,7,17,70.4,58.3
457,Python Programming,7.8,6.1,73.7,84.5,3,20,71.5,76.9
457,DBMS,2.5,6.1,73.7,84.5,3,20,87.4,60.1
457,Data Analytics,4.3,6.1,73.7,84.5,3,20,62.6,67.2
457,Operating Systems,7.5,6.1,73.7,84.5,3,20,58.9,73.5
457,Algorithms,3.6,6.1,73.7,84.5,3,20,41.0,59.1
458,Python Programming,7.6,6.2,83.6,85.6,7,26,60.2,75.5
458,DBMS,7.4,6.2,83.6,85.6,7,26,56.8,72.1
458,Data Analytics,4.7,6.2,83.6,85.6,7,26,75.0,72.5
458,Operating Systems,2.6,6.2,83.6,85.6,7,26,71.8,71.7
458,Algorithms,6.4,6.2,83.6,85.6,7,26,57.1,76.5
459,Python Programming,7.1,7.1,83.3,74.0,3,20,81.2,70.3
459,DBMS,7.6,7.1,83.3,74.0,3,20,43.0,58.4
459,Data Analytics,3.3,7.1,83.3,74.0,3,20,54.8,50.3
459,Operating Systems,4.6,7.1,83.3,74.0,3,20,64.2,72.1
459,Algorithms,3.7,7.1,83.3,74.0,3,20,53.8,56.2
460,Python Programming,5.1,5.5,75.4,87.9,3,23,71.4,67.9
460,DBMS,4.4,5.5,75.4,87.9,3,23,70.2,76.3
460,Data Analytics,6.0,5.5,75.4,87.9,3,23,46.0,56.8
460,Operating Systems,6.2,5.5,75.4,87.9,3,23,47.5,53.1
460,Algorithms,4.4,5.5,75.4,87.9,3,23,85.7,66.4
461,Python Programming,7.7,7.7,81.4,100.0,5,43,73.5,86.4
461,DBMS,2.5,7.7,81.4,100.0,5,43,66.4,58.0
461,Data Analytics,1.6,7.7,81.4,100.0,5,43,72.1,69.1
461,Operating Systems,7.6,7.7,81.4,100.0,5,43,66.7,81.6
461,Algorithms,4.0,7.7,81.4,100.0,5,43,53.8,60.2
462,Python Programming,7.1,8.3,91.1,80.8,3,23,41.8,59.2
462,DBMS,5.5,8.3,91.1,80.8,3,23,82.0,76.6
462,Data Analytics,6.1,8.3,91.1,80.8,3,23,91.0,80.8
462,Operating Systems,3.3,8.3,91.1,80.8,3,23,67.7,60.9
462,Algorithms,2.8,8.3,91.1,80.8,3,23,49.7,53.7
463,Python Programming,7.1,8.2,83.0,75.5,7,31,89.2,77.1
463,DBMS,5.6,8.2,83.0,75.5,7,31,59.0,69.2
463,Data Analytics,4.9,8.2,83.0,75.5,7,31,45.5,67.0
463,Operating Systems,7.5,8.2,83.0,75.5,7,31,47.7,74.1
463,Algorithms,6.3,8.2,83.0,75.5,7,31,74.1,70.8
464,Python Programming,4.3,9.0,78.3,91.1,6,40,64.6,55.3
464,DBMS,6.4,9.0,78.3,91.1,6,40,69.0,72.8
464,Data Analytics,1.3,9.0,78.3,91.1,6,40,72.1,59.9
464,Operating Systems,2.6,9.0,78.3,91.1,6,40,48.1,66.3
464,Algorithms,6.3,9.0,78.3,91.1,6,40,67.7,83.2
465,Python Programming,2.4,8.7,85.1,62.4,7,43,64.3,60.3
465,DBMS,1.4,8.7,85.1,62.4,7,43,93.8,76.3
465,Data Analytics,5.6,8.7,85.1,62.4,7,43,67.3,83.3
465,Operating Systems,1.2,8.7,85.1,62.4,7,43,73.7,58.7
465,Algorithms,6.3,8.7,85.1,62.4,7,43,52.5,77.9
466,Python Programming,3.9,6.3,74.4,81.2,5,37,54.6,58.3
466,DBMS,3.1,6.3,74.4,81.2,5,37,54.8,67.8
466,Data Analytics,4.4,6.3,74.4,81.2,5,37,62.4,66.2
466,Operating Systems,2.5,6.3,74.4,81.2,5,37,66.5,61.0
466,Algorithms,5.7,6.3,74.4,81.2,5,37,74.8,60.7
467,Python Programming,2.8,4.6,100.0,73.9,7,18,76.8,74.3
467,DBMS,6.2,4.6,100.0,73.9,7,18,90.4,75.4
467,Data Analytics,2.4,4.6,100.0,73.9,7,18,45.9,62.6
467,Operating Systems,4.1,4.6,100.0,73.9,7,18,46.8,69.9
467,Algorithms,6.8,4.6,100.0,73.9,7,18,77.3,75.7
468,Python Programming,5.4,6.4,78.2,87.0,6,17,82.9,75.4
468,DBMS,6.5,6.4,78.2,87.0,6,17,68.6,72.4
468,Data Analytics,7.2,6.4,78.2,87.0,6,17,53.2,75.8
468,Operating Systems,3.0,6.4,78.2,87.0,6,17,42.9,52.6
468,Algorithms,2.6,6.4,78.2,87.0,6,17,52.7,63.4
469,Python Programming,3.4,8.5,100.0,83.2,5,19,67.4,54.7
469,DBMS,4.2,8.5,100.0,83.2,5,19,68.5,70.5
469,Data Analytics,2.7,8.5,100.0,83.2,5,19,50.1,53.6
469,Operating Systems,1.5,8.5,100.0,83.2,5,19,81.9,76.5
469,Algorithms,6.1,8.5,100.0,83.2,5,19,77.4,73.5
470,Python Programming,1.1,6.1,56.6,73.7,7,40,63.3,64.1
470,DBMS,2.3,6.1,56.6,73.7,7,40,41.2,58.7
470,Data Analytics,1.6,6.1,56.6,73.7,7,40,65.4,56.1
470,Operating Systems,6.2,6.1,56.6,73.7,7,40,94.2,73.0
470,Algorithms,6.0,6.1,56.6,73.7,7,40,72.9,74.7
471,Python Programming,4.5,6.4,84.8,94.9,6,25,86.8,80.4
471,DBMS,5.8,6.4,84.8,94.9,6,25,89.3,81.1
471,Data Analytics,2.2,6.4,84.8,94.9,6,25,78.8,76.1
471,Operating Systems,3.0,6.4,84.8,94.9,6,25,55.6,63.2
471,Algorithms,7.1,6.4,84.8,94.9,6,25,74.7,78.1
472,Python Programming,3.3,6.5,100.0,65.7,3,25,87.3,61.6
472,DBMS,4.3,6.5,100.0,65.7,3,25,84.0,74.6
472,Data Analytics,3.3,6.5,100.0,65.7,3,25,85.7,67.2
472,Operating Systems,2.9,6.5,100.0,65.7,3,25,70.0,57.7
472,Algorithms,3.2,6.5,100.0,65.7,3,25,54.7,46.5
473,Python Programming,2.5,6.8,86.6,80.7,3,15,54.9,51.9
473,DBMS,3.1,6.8,86.6,80.7,3,15,68.3,61.6
473,Data Analytics,1.6,6.8,86.6,80.7,3,15,92.5,64.6
473,Operating Systems,7.4,6.8,86.6,80.7,3,15,43.0,69.3
473,Algorithms,5.3,6.8,86.6,80.7,3,15,82.9,68.8
474,Python Programming,3.5,9.7,79.7,100.0,5,25,63.7,67.0
474,DBMS,3.9,9.7,79.7,100.0,5,25,60.6,64.5
474,Data Analytics,5.3,9.7,79.7,100.0,5,25,47.9,67.9
474,Operating Systems,4.7,9.7,79.7,100.0,5,25,40.4,70.0
474,Algorithms,4.4,9.7,79.7,100.0,5,25,93.8,76.2
475,Python Programming,6.7,8.3,76.7,87.7,7,15,47.0,67.0
475,DBMS,8.0,8.3,76.7,87.7,7,15,54.2,80.1
475,Data Analytics,2.6,8.3,76.7,87.7,7,15,90.0,75.4
475,Operating Systems,3.2,8.3,76.7,87.7,7,15,93.7,77.7
475,Algorithms,4.7,8.3,76.7,87.7,7,15,66.3,71.0
476,Python Programming,4.0,5.5,87.3,50.7,6,18,83.3,67.5
476,DBMS,7.8,5.5,87.3,50.7,6,18,43.3,60.2
476,Data Analytics,4.9,5.5,87.3,50.7,6,18,56.0,63.5
476,Operating Systems,5.3,5.5,87.3,50.7,6,18,59.5,60.1
476,Algorithms,2.0,5.5,87.3,50.7,6,18,90.4,61.8
477,Python Programming,7.3,4.6,72.8,58.4,3,40,63.9,63.8
477,DBMS,4.4,4.6,72.8,58.4,3,40,91.0,54.7
477,Data Analytics,5.0,4.6,72.8,58.4,3,40,77.9,75.7
477,Operating Systems,1.7,4.6,72.8,58.4,3,40,85.2,49.6
477,Algorithms,6.5,4.6,72.8,58.4,3,40,60.7,58.6
478,Python Programming,7.1,5.8,82.6,65.9,7,39,40.1,64.4
478,DBMS,3.7,5.8,82.6,65.9,7,39,85.0,75.5
478,Data Analytics,5.2,5.8,82.6,65.9,7,39,60.1,56.7
478,Operating Systems,7.3,5.8,82.6,65.9,7,39,67.7,74.5
478,Algorithms,4.5,5.8,82.6,65.9,7,39,49.8,59.3
479,Python Programming,1.1,7.1,93.6,63.1,5,25,85.4,70.7
479,DBMS,2.0,7.1,93.6,63.1,5,25,57.0,46.2
479,Data Analytics,4.5,7.1,93.6,63.1,5,25,84.5,73.1
479,Operating Systems,4.3,7.1,93.6,63.1,5,25,92.2,70.9
479,Algorithms,3.8,7.1,93.6,63.1,5,25,63.3,66.1
480,Python Programming,3.8,8.3,65.6,63.6,7,38,85.0,68.7
480,DBMS,5.0,8.3,65.6,63.6,7,38,42.3,61.0
480,Data Analytics,4.9,8.3,65.6,63.6,7,38,92.3,76.0
480,Operating Systems,1.5,8.3,65.6,63.6,7,38,56.2,55.4
480,Algorithms,3.7,8.3,65.6,63.6,7,38,48.7,51.4
481,Python Programming,3.4,10.0,85.4,100.0,7,42,81.1,77.9
481,DBMS,6.9,10.0,85.4,100.0,7,42,60.7,85.2
481,Data Analytics,8.0,10.0,85.4,100.0,7,42,76.9,89.3
481,Operating Systems,7.9,10.0,85.4,100.0,7,42,76.3,87.0
481,Algorithms,4.0,10.0,85.4,100.0,7,42,47.9,76.1
482,Python Programming,8.0,8.8,64.9,63.7,7,19,80.1,90.4
482,DBMS,7.7,8.8,64.9,63.7,7,19,85.9,75.7
482,Data Analytics,3.6,8.8,64.9,63.7,7,19,41.1,54.6
482,Operating Systems,4.7,8.8,64.9,63.7,7,19,67.8,70.8
482,Algorithms,7.4,8.8,64.9,63.7,7,19,48.9,70.2
483,Python Programming,2.5,4.2,69.0,100.0,2,23,65.4,47.3
483,DBMS,7.4,4.2,69.0,100.0,2,23,58.0,67.6
483,Data Analytics,6.1,4.2,69.0,100.0,2,23,81.1,68.8
483,Operating Systems,2.8,4.2,69.0,100.0,2,23,62.8,53.5
483,Algorithms,1.7,4.2,69.0,100.0,2,23,86.0,53.6
484,Python Programming,2.2,9.0,81.4,67.0,3,31,69.1,56.1
484,DBMS,5.1,9.0,81.4,67.0,3,31,56.4,67.4
484,Data Analytics,4.0,9.0,81.4,67.0,3,31,64.9,58.8
484,Operating Systems,4.6,9.0,81.4,67.0,3,31,79.2,65.7
484,Algorithms,4.9,9.0,81.4,67.0,3,31,58.0,60.4
485,Python Programming,6.2,5.8,100.0,84.2,2,10,78.8,62.1
485,DBMS,4.7,5.8,100.0,84.2,2,10,77.3,65.6
485,Data Analytics,3.9,5.8,100.0,84.2,2,10,82.0,70.9
485,Operating Systems,5.1,5.8,100.0,84.2,2,10,43.9,60.2
485,Algorithms,7.7,5.8,100.0,84.2,2,10,43.0,67.5
486,Python Programming,5.3,9.9,65.8,93.4,2,16,80.6,75.3
486,DBMS,6.4,9.9,65.8,93.4,2,16,89.8,82.8
486,Data Analytics,7.1,9.9,65.8,93.4,2,16,56.3,69.8
486,Operating Systems,2.1,9.9,65.8,93.4,2,16,63.9,65.3
486,Algorithms,5.1,9.9,65.8,93.4,2,16,81.2,63.8
487,Python Programming,1.1,7.0,70.3,75.8,3,24,50.5,43.7
487,DBMS,7.6,7.0,70.3,75.8,3,24,68.7,71.3
487,Data Analytics,4.8,7.0,70.3,75.8,3,24,61.6,61.1
487,Operating Systems,3.2,7.0,70.3,75.8,3,24,53.8,50.2
487,Algorithms,2.3,7.0,70.3,75.8,3,24,52.4,39.4
488,Python Programming,7.3,4.4,76.2,69.9,5,11,40.5,65.4
488,DBMS,5.7,4.4,76.2,69.9,5,11,66.2,61.1
488,Data Analytics,2.6,4.4,76.2,69.9,5,11,88.3,57.4
488,Operating Systems,4.4,4.4,76.2,69.9,5,11,71.0,70.0
488,Algorithms,4.5,4.4,76.2,69.9,5,11,41.0,57.0
489,Python Programming,5.6,6.2,69.7,74.1,5,13,90.1,69.8
489,DBMS,3.8,6.2,69.7,74.1,5,13,51.4,59.7
489,Data Analytics,6.2,6.2,69.7,74.1,5,13,87.8,77.0
489,Operating Systems,4.8,6.2,69.7,74.1,5,13,81.4,66.8
489,Algorithms,3.7,6.2,69.7,74.1,5,13,68.1,56.2
490,Python Programming,5.6,6.7,78.2,69.3,5,11,86.1,74.0
490,DBMS,4.7,6.7,78.2,69.3,5,11,51.5,72.1
490,Data Analytics,6.2,6.7,78.2,69.3,5,11,52.1,69.5
490,Operating Systems,3.6,6.7,78.2,69.3,5,11,60.0,58.2
490,Algorithms,6.3,6.7,78.2,69.3,5,11,81.3,76.9
491,Python Programming,3.0,4.6,84.9,49.6,6,32,77.8,58.5
491,DBMS,4.3,4.6,84.9,49.6,6,32,65.2,58.3
491,Data Analytics,3.5,4.6,84.9,49.6,6,32,57.5,54.4
491,Operating Systems,7.3,4.6,84.9,49.6,6,32,67.3,62.2
491,Algorithms,4.8,4.6,84.9,49.6,6,32,55.1,58.4
492,Python Programming,5.6,7.8,87.6,100.0,3,13,54.2,60.1
492,DBMS,1.5,7.8,87.6,100.0,3,13,62.7,49.1
492,Data Analytics,6.1,7.8,87.6,100.0,3,13,44.0,63.3
492,Operating Systems,2.6,7.8,87.6,100.0,3,13,81.2,75.9
492,Algorithms,5.0,7.8,87.6,100.0,3,13,92.3,75.5
493,Python Programming,1.7,7.1,78.0,87.5,6,21,61.3,53.5
493,DBMS,2.6,7.1,78.0,87.5,6,21,86.6,72.8
493,Data Analytics,7.1,7.1,78.0,87.5,6,21,43.9,65.3
493,Operating Systems,1.2,7.1,78.0,87.5,6,21,81.0,62.6
493,Algorithms,3.6,7.1,78.0,87.5,6,21,85.8,71.9
494,Python Programming,2.0,5.6,91.9,48.7,3,42,89.4,60.0
494,DBMS,2.7,5.6,91.9,48.7,3,42,59.4,49.9
494,Data Analytics,3.6,5.6,91.9,48.7,3,42,92.2,66.5
494,Operating Systems,3.3,5.6,91.9,48.7,3,42,45.2,45.0
494,Algorithms,6.1,5.6,91.9,48.7,3,42,68.8,64.1
495,Python Programming,7.0,7.5,80.4,59.2,6,29,66.5,74.0
495,DBMS,6.5,7.5,80.4,59.2,6,29,48.0,52.1
495,Data Analytics,5.3,7.5,80.4,59.2,6,29,42.4,58.0
495,Operating Systems,6.3,7.5,80.4,59.2,6,29,44.4,60.8
495,Algorithms,4.6,7.5,80.4,59.2,6,29,54.4,63.0
496,Python Programming,1.2,8.8,70.6,60.4,5,34,55.6,52.9
496,DBMS,4.5,8.8,70.6,60.4,5,34,42.5,51.9
496,Data Analytics,5.5,8.8,70.6,60.4,5,34,46.5,56.1
496,Operating Systems,7.6,8.8,70.6,60.4,5,34,52.4,68.9
496,Algorithms,6.4,8.8,70.6,60.4,5,34,40.1,61.3
497,Python Programming,3.2,7.8,76.8,86.7,6,35,66.5,68.6
497,DBMS,3.2,7.8,76.8,86.7,6,35,59.8,68.6
497,Data Analytics,2.6,7.8,76.8,86.7,6,35,89.4,78.7
497,Operating Systems,7.0,7.8,76.8,86.7,6,35,68.0,67.3
497,Algorithms,6.0,7.8,76.8,86.7,6,35,76.9,72.0
498,Python Programming,3.5,5.4,85.9,93.4,7,26,86.0,69.3
498,DBMS,1.5,5.4,85.9,93.4,7,26,91.8,64.5
498,Data Analytics,6.4,5.4,85.9,93.4,7,26,72.8,69.7
498,Operating Systems,5.5,5.4,85.9,93.4,7,26,81.7,80.5
498,Algorithms,7.2,5.4,85.9,93.4,7,26,78.5,89.8
499,Python Programming,1.9,5.0,76.8,71.1,3,24,78.4,49.3
499,DBMS,4.5,5.0,76.8,71.1,3,24,41.4,41.5
499,Data Analytics,1.9,5.0,76.8,71.1,3,24,60.0,48.7
499,Operating Systems,2.8,5.0,76.8,71.1,3,24,67.9,53.8
499,Algorithms,7.2,5.0,76.8,71.1,3,24,75.8,71.8
500,Python Programming,1.9,6.9,91.7,76.6,2,9,87.0,63.3
500,DBMS,5.1,6.9,91.7,76.6,2,9,88.9,54.6
500,Data Analytics,5.4,6.9,91.7,76.6,2,9,83.6,65.5
500,Operating Systems,3.0,6.9,91.7,76.6,2,9,70.6,50.1
500,Algorithms,6.7,6.9,91.7,76.6,2,9,73.3,67.8
